term,term_adapted,term_context,Sociability,Morality,Assertiveness,Ability,Beliefs,Status,Health,Emotions,Geography,Occupation,Appearance,Beauty,Family,Deviance,SocialGroups,Gender,Race,Age,Sexual.Orientation,Valence,Valence_dir,Sociability_dir,Morality_dir,Assertiveness_dir,Ability_dir,Beliefs_dir,Status_dir,Health_dir,Geography_dir,Occupation_dir,Beauty_dir,Deviance_dir,Activation_dir,Emotionalvalence_dir,Age.youngtoold_dir,SexOr.LGBtostr8_dir,Gender.femtomasc_dir,Gender.nonbinary&trans,Sum,Sentence,Sentence_bold,Sentence_qualtrics,Sentence_bold_qualtrics,Sentence_bold_qualtrics2
young,young,A person who is young,0,0,0,0,0,0,0,0,0,0,0,0,0,0,1,0,0,1,0,0,NA,NA,NA,NA,NA,NA,NA,NA,NA,NA,NA,NA,NA,NA,-1,NA,NA,NA,2,If a person is young they are also likely to be:,If a person is <b>young</b> they are also likely to be:,"""If a person is young they are also likely to be:"",","""If a person is <b>young</b> they are also likely to be:"",","""If a person is <b>young</b> they are also likely to:"","
youthful,youthful,A person who is youthful,0,0,0,0,0,0,0,0,0,0,0,0,0,0,1,0,0,1,0,0,NA,NA,NA,NA,NA,NA,NA,NA,NA,NA,NA,NA,NA,NA,-1,NA,NA,NA,2,If a person is youthful they are also likely to be:,If a person is <b>youthful</b> they are also likely to be:,"""If a person is youthful they are also likely to be:"",","""If a person is <b>youthful</b> they are also likely to be:"",","""If a person is <b>youthful</b> they are also likely to:"","
junior,a junior,A person who is a junior,0,0,0,0,0,0,0,0,0,0,0,0,0,0,1,0,0,1,0,0,NA,NA,NA,NA,NA,NA,NA,NA,NA,NA,NA,NA,NA,NA,-1,NA,NA,NA,2,If a person is a junior they are also likely to be:,If a person is <b>a junior</b> they are also likely to be:,"""If a person is a junior they are also likely to be:"",","""If a person is <b>a junior</b> they are also likely to be:"",","""If a person is <b>a junior</b> they are also likely to:"","
younger,younger,A person who is younger,0,0,0,0,0,0,0,0,0,0,0,0,0,0,1,0,0,1,0,0,NA,NA,NA,NA,NA,NA,NA,NA,NA,NA,NA,NA,NA,NA,-1,NA,NA,NA,2,If a person is younger they are also likely to be:,If a person is <b>younger</b> they are also likely to be:,"""If a person is younger they are also likely to be:"",","""If a person is <b>younger</b> they are also likely to be:"",","""If a person is <b>younger</b> they are also likely to:"","
old,old,A person who is old,0,0,0,0,0,0,0,0,0,0,0,0,0,0,1,0,0,1,0,0,NA,NA,NA,NA,NA,NA,NA,NA,NA,NA,NA,NA,NA,NA,1,NA,NA,NA,2,If a person is old they are also likely to be:,If a person is <b>old</b> they are also likely to be:,"""If a person is old they are also likely to be:"",","""If a person is <b>old</b> they are also likely to be:"",","""If a person is <b>old</b> they are also likely to:"","
elderly,elderly,A person who is elderly,0,0,0,0,0,0,0,0,0,0,0,0,0,0,1,0,0,1,0,0,NA,NA,NA,NA,NA,NA,NA,NA,NA,NA,NA,NA,NA,NA,1,NA,NA,NA,2,If a person is elderly they are also likely to be:,If a person is <b>elderly</b> they are also likely to be:,"""If a person is elderly they are also likely to be:"",","""If a person is <b>elderly</b> they are also likely to be:"",","""If a person is <b>elderly</b> they are also likely to:"","
senior,a senior,A person who is a senior,0,0,0,0,0,0,0,0,0,0,0,0,0,0,1,0,0,1,0,0,NA,NA,NA,NA,NA,NA,NA,NA,NA,NA,NA,NA,NA,NA,1,NA,NA,NA,2,If a person is a senior they are also likely to be:,If a person is <b>a senior</b> they are also likely to be:,"""If a person is a senior they are also likely to be:"",","""If a person is <b>a senior</b> they are also likely to be:"",","""If a person is <b>a senior</b> they are also likely to:"","
older,older,A person who is older,0,0,0,0,0,0,0,0,0,0,0,0,0,0,1,0,0,1,0,0,NA,NA,NA,NA,NA,NA,NA,NA,NA,NA,NA,NA,NA,NA,1,NA,NA,NA,2,If a person is older they are also likely to be:,If a person is <b>older</b> they are also likely to be:,"""If a person is older they are also likely to be:"",","""If a person is <b>older</b> they are also likely to be:"",","""If a person is <b>older</b> they are also likely to:"","
child,a child,A person who is a child,0,0,0,0,0,0,0,0,0,0,0,0,0,0,1,0,0,1,0,0,NA,NA,NA,NA,NA,NA,NA,NA,NA,NA,NA,NA,NA,NA,0,NA,NA,NA,2,If a person is a child they are also likely to be:,If a person is <b>a child</b> they are also likely to be:,"""If a person is a child they are also likely to be:"",","""If a person is <b>a child</b> they are also likely to be:"",","""If a person is <b>a child</b> they are also likely to:"","
teenager,a teenager,A person who is a teenager,0,0,0,0,0,0,0,0,0,0,0,0,0,0,1,0,0,1,0,0,NA,NA,NA,NA,NA,NA,NA,NA,NA,NA,NA,NA,NA,NA,0,NA,NA,NA,2,If a person is a teenager they are also likely to be:,If a person is <b>a teenager</b> they are also likely to be:,"""If a person is a teenager they are also likely to be:"",","""If a person is <b>a teenager</b> they are also likely to be:"",","""If a person is <b>a teenager</b> they are also likely to:"","
adult,an adult,A person who is an adult,0,0,0,0,0,0,0,0,0,0,0,0,0,0,1,0,0,1,0,0,NA,NA,NA,NA,NA,NA,NA,NA,NA,NA,NA,NA,NA,NA,0,NA,NA,NA,2,If a person is an adult they are also likely to be:,If a person is <b>an adult</b> they are also likely to be:,"""If a person is an adult they are also likely to be:"",","""If a person is <b>an adult</b> they are also likely to be:"",","""If a person is <b>an adult</b> they are also likely to:"","
gay,gay,A person who is gay,0,0,0,0,0,0,0,0,0,0,0,0,0,0,1,0,0,0,1,0,NA,NA,NA,NA,NA,NA,NA,NA,NA,NA,NA,NA,NA,NA,NA,-1,NA,NA,2,If a person is gay they are also likely to be:,If a person is <b>gay</b> they are also likely to be:,"""If a person is gay they are also likely to be:"",","""If a person is <b>gay</b> they are also likely to be:"",","""If a person is <b>gay</b> they are also likely to:"","
lesbian,a lesbian,A person who is a lesbian,0,0,0,0,0,0,0,0,0,0,0,0,0,0,1,0,0,0,1,0,NA,NA,NA,NA,NA,NA,NA,NA,NA,NA,NA,NA,NA,NA,NA,-1,NA,NA,2,If a person is a lesbian they are also likely to be:,If a person is <b>a lesbian</b> they are also likely to be:,"""If a person is a lesbian they are also likely to be:"",","""If a person is <b>a lesbian</b> they are also likely to be:"",","""If a person is <b>a lesbian</b> they are also likely to:"","
bisexual,bisexual,A person who is bisexual,0,0,0,0,0,0,0,0,0,0,0,0,0,0,1,0,0,0,1,0,NA,NA,NA,NA,NA,NA,NA,NA,NA,NA,NA,NA,NA,NA,NA,-1,NA,NA,2,If a person is bisexual they are also likely to be:,If a person is <b>bisexual</b> they are also likely to be:,"""If a person is bisexual they are also likely to be:"",","""If a person is <b>bisexual</b> they are also likely to be:"",","""If a person is <b>bisexual</b> they are also likely to:"","
homosexual,homosexual,A person who is homosexual,0,0,0,0,0,0,0,0,0,0,0,0,0,0,1,0,0,0,1,0,NA,NA,NA,NA,NA,NA,NA,NA,NA,NA,NA,NA,NA,NA,NA,-1,NA,NA,2,If a person is homosexual they are also likely to be:,If a person is <b>homosexual</b> they are also likely to be:,"""If a person is homosexual they are also likely to be:"",","""If a person is <b>homosexual</b> they are also likely to be:"",","""If a person is <b>homosexual</b> they are also likely to:"","
straight,straight,A person who is straight,0,0,0,0,0,0,0,0,0,0,0,0,0,0,1,0,0,0,1,0,NA,NA,NA,NA,NA,NA,NA,NA,NA,NA,NA,NA,NA,NA,NA,1,NA,NA,2,If a person is straight they are also likely to be:,If a person is <b>straight</b> they are also likely to be:,"""If a person is straight they are also likely to be:"",","""If a person is <b>straight</b> they are also likely to be:"",","""If a person is <b>straight</b> they are also likely to:"","
heterosexual,heterosexual,A person who is heterosexual,0,0,0,0,0,0,0,0,0,0,0,0,0,0,1,0,0,0,1,0,NA,NA,NA,NA,NA,NA,NA,NA,NA,NA,NA,NA,NA,NA,NA,1,NA,NA,2,If a person is heterosexual they are also likely to be:,If a person is <b>heterosexual</b> they are also likely to be:,"""If a person is heterosexual they are also likely to be:"",","""If a person is <b>heterosexual</b> they are also likely to be:"",","""If a person is <b>heterosexual</b> they are also likely to:"","
LGB,LGB,A person who is LGB,0,0,0,0,0,0,0,0,0,0,0,0,0,0,1,0,0,0,1,0,NA,NA,NA,NA,NA,NA,NA,NA,NA,NA,NA,NA,NA,NA,NA,-1,NA,NA,2,If a person is LGBT they are also likely to be:,If a person is <b>LGBT</b> they are also likely to be:,"""If a person is LGBT they are also likely to be:"",","""If a person is <b>LGBT</b> they are also likely to be:"",","""If a person is <b>LGBT</b> they are also likely to:"","
queer,queer,A person who is queer,0,0,0,0,0,0,0,0,0,0,0,0,0,0,1,0,0,0,1,0,NA,NA,NA,NA,NA,NA,NA,NA,NA,NA,NA,NA,NA,NA,NA,-1,NA,NA,2,If a person is queer they are also likely to be:,If a person is <b>queer</b> they are also likely to be:,"""If a person is queer they are also likely to be:"",","""If a person is <b>queer</b> they are also likely to be:"",","""If a person is <b>queer</b> they are also likely to:"","
asexual,asexual,A person who is asexual,0,0,0,0,0,0,0,0,0,0,0,0,0,0,1,0,0,0,1,0,NA,NA,NA,NA,NA,NA,NA,NA,NA,NA,NA,NA,NA,NA,NA,-1,NA,NA,2,If a person is asexual they are also likely to be:,If a person is <b>asexual</b> they are also likely to be:,"""If a person is asexual they are also likely to be:"",","""If a person is <b>asexual</b> they are also likely to be:"",","""If a person is <b>asexual</b> they are also likely to:"","
White,White,A person who is White,0,0,0,0,0,0,0,0,0,0,0,0,0,0,1,0,1,0,0,0,NA,NA,NA,NA,NA,NA,NA,NA,NA,NA,NA,NA,NA,NA,NA,NA,NA,NA,2,If a person is White they are also likely to be:,If a person is <b>White</b> they are also likely to be:,"""If a person is White they are also likely to be:"",","""If a person is <b>White</b> they are also likely to be:"",","""If a person is <b>White</b> they are also likely to:"","
Black,Black,A person who is Black,0,0,0,0,0,0,0,0,0,0,0,0,0,0,1,0,1,0,0,0,NA,NA,NA,NA,NA,NA,NA,NA,NA,NA,NA,NA,NA,NA,NA,NA,NA,NA,2,If a person is Black they are also likely to be:,If a person is <b>Black</b> they are also likely to be:,"""If a person is Black they are also likely to be:"",","""If a person is <b>Black</b> they are also likely to be:"",","""If a person is <b>Black</b> they are also likely to:"","
Asian,Asian,A person who is Asian,0,0,0,0,0,0,0,0,0,0,0,0,0,0,1,0,1,0,0,0,NA,NA,NA,NA,NA,NA,NA,NA,NA,NA,NA,NA,NA,NA,NA,NA,NA,NA,2,If a person is Asian they are also likely to be:,If a person is <b>Asian</b> they are also likely to be:,"""If a person is Asian they are also likely to be:"",","""If a person is <b>Asian</b> they are also likely to be:"",","""If a person is <b>Asian</b> they are also likely to:"","
Middle Eastern,Middle Eastern,A person who is Middle Eastern,0,0,0,0,0,0,0,0,0,0,0,0,0,0,1,0,1,0,0,0,NA,NA,NA,NA,NA,NA,NA,NA,NA,NA,NA,NA,NA,NA,NA,NA,NA,NA,2,If a person is Middle Eastern they are also likely to be:,If a person is <b>Middle Eastern</b> they are also likely to be:,"""If a person is Middle Eastern they are also likely to be:"",","""If a person is <b>Middle Eastern</b> they are also likely to be:"",","""If a person is <b>Middle Eastern</b> they are also likely to:"","
Indian,Indian,A person who is Indian,0,0,0,0,0,0,0,0,0,0,0,0,0,0,1,0,1,0,0,0,NA,NA,NA,NA,NA,NA,NA,NA,NA,NA,NA,NA,NA,NA,NA,NA,NA,NA,2,If a person is Indian they are also likely to be:,If a person is <b>Indian</b> they are also likely to be:,"""If a person is Indian they are also likely to be:"",","""If a person is <b>Indian</b> they are also likely to be:"",","""If a person is <b>Indian</b> they are also likely to:"","
mixed-race,mixed-race,A person who is mixed-race,0,0,0,0,0,0,0,0,0,0,0,0,0,0,1,0,1,0,0,0,NA,NA,NA,NA,NA,NA,NA,NA,NA,NA,NA,NA,NA,NA,NA,NA,NA,NA,2,If a person is mixed-race they are also likely to be:,If a person is <b>mixed-race</b> they are also likely to be:,"""If a person is mixed-race they are also likely to be:"",","""If a person is <b>mixed-race</b> they are also likely to be:"",","""If a person is <b>mixed-race</b> they are also likely to:"","
Multiracial,Multiracial,A person who is Multiracial,0,0,0,0,0,0,0,0,0,0,0,0,0,0,1,0,1,0,0,0,NA,NA,NA,NA,NA,NA,NA,NA,NA,NA,NA,NA,NA,NA,NA,NA,NA,NA,2,If a person is Multiracial they are also likely to be:,If a person is <b>Multiracial</b> they are also likely to be:,"""If a person is Multiracial they are also likely to be:"",","""If a person is <b>Multiracial</b> they are also likely to be:"",","""If a person is <b>Multiracial</b> they are also likely to:"","
Hispanic,Hispanic,A person who is Hispanic,0,0,0,0,0,0,0,0,0,0,0,0,0,0,1,0,1,0,0,0,NA,NA,NA,NA,NA,NA,NA,NA,NA,NA,NA,NA,NA,NA,NA,NA,NA,NA,2,If a person is Hispanic they are also likely to be:,If a person is <b>Hispanic</b> they are also likely to be:,"""If a person is Hispanic they are also likely to be:"",","""If a person is <b>Hispanic</b> they are also likely to be:"",","""If a person is <b>Hispanic</b> they are also likely to:"","
male,male,A person who is male,0,0,0,0,0,0,0,0,0,0,0,0,0,0,1,1,0,0,0,0,NA,NA,NA,NA,NA,NA,NA,NA,NA,NA,NA,NA,NA,NA,NA,NA,1,0,2,If a person is male they are also likely to be:,If a person is <b>male</b> they are also likely to be:,"""If a person is male they are also likely to be:"",","""If a person is <b>male</b> they are also likely to be:"",","""If a person is <b>male</b> they are also likely to:"","
man,a man,A person who is a man,0,0,0,0,0,0,0,0,0,0,0,0,0,0,1,1,0,0,0,0,NA,NA,NA,NA,NA,NA,NA,NA,NA,NA,NA,NA,NA,NA,NA,NA,1,0,2,If a person is a man they are also likely to be:,If a person is <b>a man</b> they are also likely to be:,"""If a person is a man they are also likely to be:"",","""If a person is <b>a man</b> they are also likely to be:"",","""If a person is <b>a man</b> they are also likely to:"","
mister,a mister,A person who is a mister,0,0,0,0,0,0,0,0,0,0,0,0,0,0,1,1,0,0,0,0,NA,NA,NA,NA,NA,NA,NA,NA,NA,NA,NA,NA,NA,NA,NA,NA,1,0,2,If a person is a mister they are also likely to be:,If a person is <b>a mister</b> they are also likely to be:,"""If a person is a mister they are also likely to be:"",","""If a person is <b>a mister</b> they are also likely to be:"",","""If a person is <b>a mister</b> they are also likely to:"","
guy,a guy,A person who is a guy,0,0,0,0,0,0,0,0,0,0,0,0,0,0,1,1,0,0,0,0,NA,NA,NA,NA,NA,NA,NA,NA,NA,NA,NA,NA,NA,NA,NA,NA,1,0,2,If a person is a guy they are also likely to be:,If a person is <b>a guy</b> they are also likely to be:,"""If a person is a guy they are also likely to be:"",","""If a person is <b>a guy</b> they are also likely to be:"",","""If a person is <b>a guy</b> they are also likely to:"","
lad,a lad,A person who is a lad,0,0,0,0,0,0,0,0,0,0,0,0,0,0,1,1,0,0,0,0,NA,NA,NA,NA,NA,NA,NA,NA,NA,NA,NA,NA,NA,NA,NA,NA,1,0,2,If a person is a lad they are also likely to be:,If a person is <b>a lad</b> they are also likely to be:,"""If a person is a lad they are also likely to be:"",","""If a person is <b>a lad</b> they are also likely to be:"",","""If a person is <b>a lad</b> they are also likely to:"","
masculine,masculine,A person who is masculine,0,0,0,0,0,0,0,0,0,0,0,0,0,0,1,1,0,0,0,0,NA,NA,NA,NA,NA,NA,NA,NA,NA,NA,NA,NA,NA,NA,NA,NA,1,0,2,If a person is masculine they are also likely to be:,If a person is <b>masculine</b> they are also likely to be:,"""If a person is masculine they are also likely to be:"",","""If a person is <b>masculine</b> they are also likely to be:"",","""If a person is <b>masculine</b> they are also likely to:"","
female,female,A person who is female,0,0,0,0,0,0,0,0,0,0,0,0,0,0,1,1,0,0,0,0,NA,NA,NA,NA,NA,NA,NA,NA,NA,NA,NA,NA,NA,NA,NA,NA,-1,0,2,If a person is female they are also likely to be:,If a person is <b>female</b> they are also likely to be:,"""If a person is female they are also likely to be:"",","""If a person is <b>female</b> they are also likely to be:"",","""If a person is <b>female</b> they are also likely to:"","
woman,a woman,A person who is a woman,0,0,0,0,0,0,0,0,0,0,0,0,0,0,1,1,0,0,0,0,NA,NA,NA,NA,NA,NA,NA,NA,NA,NA,NA,NA,NA,NA,NA,NA,-1,0,2,If a person is a woman they are also likely to be:,If a person is <b>a woman</b> they are also likely to be:,"""If a person is a woman they are also likely to be:"",","""If a person is <b>a woman</b> they are also likely to be:"",","""If a person is <b>a woman</b> they are also likely to:"","
lady,a lady,A person who is a lady,0,0,0,0,0,0,0,0,0,0,0,0,0,0,1,1,0,0,0,0,NA,NA,NA,NA,NA,NA,NA,NA,NA,NA,NA,NA,NA,NA,NA,NA,-1,0,2,If a person is a lady they are also likely to be:,If a person is <b>a lady</b> they are also likely to be:,"""If a person is a lady they are also likely to be:"",","""If a person is <b>a lady</b> they are also likely to be:"",","""If a person is <b>a lady</b> they are also likely to:"","
miss,a miss,A person who is a miss,0,0,0,0,0,0,0,0,0,0,0,0,0,0,1,1,0,0,0,0,NA,NA,NA,NA,NA,NA,NA,NA,NA,NA,NA,NA,NA,NA,NA,NA,-1,0,2,If a person is a miss they are also likely to be:,If a person is <b>a miss</b> they are also likely to be:,"""If a person is a miss they are also likely to be:"",","""If a person is <b>a miss</b> they are also likely to be:"",","""If a person is <b>a miss</b> they are also likely to:"","
gal,a gal,A person who is a gal,0,0,0,0,0,0,0,0,0,0,0,0,0,0,1,1,0,0,0,0,NA,NA,NA,NA,NA,NA,NA,NA,NA,NA,NA,NA,NA,NA,NA,NA,-1,0,2,If a person is a gal they are also likely to be:,If a person is <b>a gal</b> they are also likely to be:,"""If a person is a gal they are also likely to be:"",","""If a person is <b>a gal</b> they are also likely to be:"",","""If a person is <b>a gal</b> they are also likely to:"","
feminine,feminine,A person who is feminine,0,0,0,0,0,0,0,0,0,0,0,0,0,0,1,1,0,0,0,0,NA,NA,NA,NA,NA,NA,NA,NA,NA,NA,NA,NA,NA,NA,NA,NA,-1,0,2,If a person is feminine they are also likely to be:,If a person is <b>feminine</b> they are also likely to be:,"""If a person is feminine they are also likely to be:"",","""If a person is <b>feminine</b> they are also likely to be:"",","""If a person is <b>feminine</b> they are also likely to:"","
trans,trans,A person who is trans,0,0,0,0,0,0,0,0,0,0,0,0,0,0,1,1,0,0,0,0,NA,NA,NA,NA,NA,NA,NA,NA,NA,NA,NA,NA,NA,NA,NA,NA,0,1,2,If a person is trans they are also likely to be:,If a person is <b>trans</b> they are also likely to be:,"""If a person is trans they are also likely to be:"",","""If a person is <b>trans</b> they are also likely to be:"",","""If a person is <b>trans</b> they are also likely to:"","
transgender,transgender,A person who is transgender,0,0,0,0,0,0,0,0,0,0,0,0,0,0,1,1,0,0,0,0,NA,NA,NA,NA,NA,NA,NA,NA,NA,NA,NA,NA,NA,NA,NA,NA,0,1,2,If a person is transgender they are also likely to be:,If a person is <b>transgender</b> they are also likely to be:,"""If a person is transgender they are also likely to be:"",","""If a person is <b>transgender</b> they are also likely to be:"",","""If a person is <b>transgender</b> they are also likely to:"","
transsexual,transsexual,A person who is transexual,0,0,0,0,0,0,0,0,0,0,0,0,0,0,1,1,0,0,0,0,NA,NA,NA,NA,NA,NA,NA,NA,NA,NA,NA,NA,NA,NA,NA,NA,0,1,2,If a person is transexual they are also likely to be:,If a person is <b>transexual</b> they are also likely to be:,"""If a person is transexual they are also likely to be:"",","""If a person is <b>transexual</b> they are also likely to be:"",","""If a person is <b>transexual</b> they are also likely to:"","
nonbinary,nonbinary,A person who is nonbinary,0,0,0,0,0,0,0,0,0,0,0,0,0,0,1,1,0,0,0,0,NA,NA,NA,NA,NA,NA,NA,NA,NA,NA,NA,NA,NA,NA,NA,NA,0,1,2,If a person is nonbinary they are also likely to be:,If a person is <b>nonbinary</b> they are also likely to be:,"""If a person is nonbinary they are also likely to be:"",","""If a person is <b>nonbinary</b> they are also likely to be:"",","""If a person is <b>nonbinary</b> they are also likely to:"","
cisgender,cisgender,A person who is cisgender,0,0,0,0,0,0,0,0,0,0,0,0,0,0,1,1,0,0,0,0,NA,NA,NA,NA,NA,NA,NA,NA,NA,NA,NA,NA,NA,NA,NA,NA,0,0,2,If a person is cisgender they are also likely to be:,If a person is <b>cisgender</b> they are also likely to be:,"""If a person is cisgender they are also likely to be:"",","""If a person is <b>cisgender</b> they are also likely to be:"",","""If a person is <b>cisgender</b> they are also likely to:"","
disinterested,disinterested,A person who is disinterested,0,0,0,0,0,0,0,1,0,0,0,0,0,0,0,0,0,0,0,0,NA,NA,NA,NA,NA,NA,NA,NA,NA,NA,NA,NA,-1,-1,NA,NA,NA,NA,1,If a person is disinterested they are also likely to be:,If a person is <b>disinterested</b> they are also likely to be:,"""If a person is disinterested they are also likely to be:"",","""If a person is <b>disinterested</b> they are also likely to be:"",","""If a person is <b>disinterested</b> they are also likely to:"","
sad,sad,A person who is sad,0,0,0,0,0,0,0,1,0,0,0,0,0,0,0,0,0,0,0,0,NA,NA,NA,NA,NA,NA,NA,NA,NA,NA,NA,NA,-1,-1,NA,NA,NA,NA,1,If a person is sad they are also likely to be:,If a person is <b>sad</b> they are also likely to be:,"""If a person is sad they are also likely to be:"",","""If a person is <b>sad</b> they are also likely to be:"",","""If a person is <b>sad</b> they are also likely to:"","
unhappy,unhappy,A person who is unhappy,0,0,0,0,0,0,0,1,0,0,0,0,0,0,0,0,0,0,0,0,NA,NA,NA,NA,NA,NA,NA,NA,NA,NA,NA,NA,-1,-1,NA,NA,NA,NA,1,If a person is unhappy they are also likely to be:,If a person is <b>unhappy</b> they are also likely to be:,"""If a person is unhappy they are also likely to be:"",","""If a person is <b>unhappy</b> they are also likely to be:"",","""If a person is <b>unhappy</b> they are also likely to:"","
unemotional,unemotional,A person who is unemotional,0,0,0,0,0,0,0,1,0,0,0,0,0,0,0,0,0,0,0,0,NA,NA,NA,NA,NA,NA,NA,NA,NA,NA,NA,NA,-1,0,NA,NA,NA,NA,1,If a person is unemotional they are also likely to be:,If a person is <b>unemotional</b> they are also likely to be:,"""If a person is unemotional they are also likely to be:"",","""If a person is <b>unemotional</b> they are also likely to be:"",","""If a person is <b>unemotional</b> they are also likely to:"","
unaroused,unaroused,A person who is unaroused,0,0,0,0,0,0,0,1,0,0,0,0,0,0,0,0,0,0,0,0,NA,NA,NA,NA,NA,NA,NA,NA,NA,NA,NA,NA,-1,0,NA,NA,NA,NA,1,,,,,
low energy,low energy,A person who is low energy,0,0,0,0,0,0,0,1,0,0,0,0,0,0,0,0,0,0,0,0,NA,NA,NA,NA,NA,NA,NA,NA,NA,NA,NA,NA,-1,0,NA,NA,NA,NA,1,,,,,
relaxed,relaxed,A person who is relaxed,0,0,0,0,0,0,0,1,0,0,0,0,0,0,0,0,0,0,0,0,NA,NA,NA,NA,NA,NA,NA,NA,NA,NA,NA,NA,-1,1,NA,NA,NA,NA,1,,,,,
serene,serene,A person who is serene,0,0,0,0,0,0,0,1,0,0,0,0,0,0,0,0,0,0,0,0,NA,NA,NA,NA,NA,NA,NA,NA,NA,NA,NA,NA,-1,1,NA,NA,NA,NA,1,,,,,
content,content,A person who is content,0,0,0,0,0,0,0,1,0,0,0,0,0,0,0,0,0,0,0,0,NA,NA,NA,NA,NA,NA,NA,NA,NA,NA,NA,NA,-1,1,NA,NA,NA,NA,1,If a person is content they are also likely to be:,If a person is <b>content</b> they are also likely to be:,"""If a person is content they are also likely to be:"",","""If a person is <b>content</b> they are also likely to be:"",","""If a person is <b>content</b> they are also likely to:"","
angry,angry,A person who is angry,0,0,0,0,0,0,0,1,0,0,0,0,0,0,0,0,0,0,0,0,NA,NA,NA,NA,NA,NA,NA,NA,NA,NA,NA,NA,0,-1,NA,NA,NA,NA,1,If a person is angry they are also likely to be:,If a person is <b>angry</b> they are also likely to be:,"""If a person is angry they are also likely to be:"",","""If a person is <b>angry</b> they are also likely to be:"",","""If a person is <b>angry</b> they are also likely to:"","
disgusted,disgusted,A person who is disgusted,0,0,0,0,0,0,0,1,0,0,0,0,0,0,0,0,0,0,0,0,NA,NA,NA,NA,NA,NA,NA,NA,NA,NA,NA,NA,0,-1,NA,NA,NA,NA,1,If a person is disgusted they are also likely to be:,If a person is <b>disgusted</b> they are also likely to be:,"""If a person is disgusted they are also likely to be:"",","""If a person is <b>disgusted</b> they are also likely to be:"",","""If a person is <b>disgusted</b> they are also likely to:"","
embarrassed,embarrassed,A person who is embarrassed,0,0,0,0,0,0,0,1,0,0,0,0,0,0,0,0,0,0,0,0,NA,NA,NA,NA,NA,NA,NA,NA,NA,NA,NA,NA,0,-1,NA,NA,NA,NA,1,If a person is embarrassed they are also likely to be:,If a person is <b>embarrassed</b> they are also likely to be:,"""If a person is embarrassed they are also likely to be:"",","""If a person is <b>embarrassed</b> they are also likely to be:"",","""If a person is <b>embarrassed</b> they are also likely to:"","
proud,proud,A person who is proud,0,0,0,0,0,0,0,1,0,0,0,0,0,0,0,0,0,0,0,0,NA,NA,NA,NA,NA,NA,NA,NA,NA,NA,NA,NA,0,1,NA,NA,NA,NA,1,If a person is prideful they are also likely to be:,If a person is <b>prideful</b> they are also likely to be:,"""If a person is prideful they are also likely to be:"",","""If a person is <b>prideful</b> they are also likely to be:"",","""If a person is <b>prideful</b> they are also likely to:"","
surprised,surprised,A person who is surprised,0,0,0,0,0,0,0,1,0,0,0,0,0,0,0,0,0,0,0,0,NA,NA,NA,NA,NA,NA,NA,NA,NA,NA,NA,NA,0,0,NA,NA,NA,NA,1,If a person is surprised they are also likely to be:,If a person is <b>surprised</b> they are also likely to be:,"""If a person is surprised they are also likely to be:"",","""If a person is <b>surprised</b> they are also likely to be:"",","""If a person is <b>surprised</b> they are also likely to:"","
amused,amused,A person who is amused,0,0,0,0,0,0,0,1,0,0,0,0,0,0,0,0,0,0,0,0,NA,NA,NA,NA,NA,NA,NA,NA,NA,NA,NA,NA,0,1,NA,NA,NA,NA,1,If a person is amused they are also likely to be:,If a person is <b>amused</b> they are also likely to be:,"""If a person is amused they are also likely to be:"",","""If a person is <b>amused</b> they are also likely to be:"",","""If a person is <b>amused</b> they are also likely to:"","
awed,awed,A person who is awed,0,0,0,0,0,0,0,1,0,0,0,0,0,0,0,0,0,0,0,0,NA,NA,NA,NA,NA,NA,NA,NA,NA,NA,NA,NA,0,1,NA,NA,NA,NA,1,If a person is awed they are also likely to be:,If a person is <b>awed</b> they are also likely to be:,"""If a person is awed they are also likely to be:"",","""If a person is <b>awed</b> they are also likely to be:"",","""If a person is <b>awed</b> they are also likely to:"","
distressed,distressed,A person who is distressed,0,0,0,0,0,0,0,1,0,0,0,0,0,0,0,0,0,0,0,0,NA,NA,NA,NA,NA,NA,NA,NA,NA,NA,NA,NA,1,-1,NA,NA,NA,NA,1,If a person is distressed they are also likely to be:,If a person is <b>distressed</b> they are also likely to be:,"""If a person is distressed they are also likely to be:"",","""If a person is <b>distressed</b> they are also likely to be:"",","""If a person is <b>distressed</b> they are also likely to:"","
fearful,fearful,A person who is fearful,0,0,0,0,0,0,0,1,0,0,0,0,0,0,0,0,0,0,0,0,NA,NA,NA,NA,NA,NA,NA,NA,NA,NA,NA,NA,1,-1,NA,NA,NA,NA,1,If a person is fearful they are also likely to be:,If a person is <b>fearful</b> they are also likely to be:,"""If a person is fearful they are also likely to be:"",","""If a person is <b>fearful</b> they are also likely to be:"",","""If a person is <b>fearful</b> they are also likely to:"","
emotional,emotional,A person who is emotional,0,0,0,0,0,0,0,1,0,0,0,0,0,0,0,0,0,0,0,0,NA,NA,NA,NA,NA,NA,NA,NA,NA,NA,NA,NA,1,0,NA,NA,NA,NA,1,If a person is emotional they are also likely to be:,If a person is <b>emotional</b> they are also likely to be:,"""If a person is emotional they are also likely to be:"",","""If a person is <b>emotional</b> they are also likely to be:"",","""If a person is <b>emotional</b> they are also likely to:"","
aroused,aroused,A person who is aroused,0,0,0,0,0,0,0,1,0,0,0,0,0,0,0,0,0,0,0,0,NA,NA,NA,NA,NA,NA,NA,NA,NA,NA,NA,NA,1,0,NA,NA,NA,NA,1,,,,,
high energy,high energy,A person who is high energy,0,0,0,0,0,0,0,1,0,0,0,0,0,0,0,0,0,0,0,0,NA,NA,NA,NA,NA,NA,NA,NA,NA,NA,NA,NA,1,0,NA,NA,NA,NA,1,,,,,
stimulated,stimulated,A person who is stimulated,0,0,0,0,0,0,0,1,0,0,0,0,0,0,0,0,0,0,0,0,NA,NA,NA,NA,NA,NA,NA,NA,NA,NA,NA,NA,1,1,NA,NA,NA,NA,1,,,,,
elated,elated,A person who is elated,0,0,0,0,0,0,0,1,0,0,0,0,0,0,0,0,0,0,0,0,NA,NA,NA,NA,NA,NA,NA,NA,NA,NA,NA,NA,1,1,NA,NA,NA,NA,1,If a person is elated they are also likely to be:,If a person is <b>elated</b> they are also likely to be:,"""If a person is elated they are also likely to be:"",","""If a person is <b>elated</b> they are also likely to be:"",","""If a person is <b>elated</b> they are also likely to:"","
irritable,irritable,A person who is irritable,0,0,0,0,0,0,0,1,0,0,0,0,0,0,0,0,0,0,0,0,NA,NA,NA,NA,NA,NA,NA,NA,NA,NA,NA,NA,1,-1,NA,NA,NA,NA,1,If a person is happy they are also likely to be:,If a person is <b>happy</b> they are also likely to be:,"""If a person is happy they are also likely to be:"",","""If a person is <b>happy</b> they are also likely to be:"",","""If a person is <b>happy</b> they are also likely to:"","
interested,interested,A person who is interested,0,0,0,0,0,0,0,1,0,0,0,0,0,0,0,0,0,0,0,0,NA,NA,NA,NA,NA,NA,NA,NA,NA,NA,NA,NA,1,1,NA,NA,NA,NA,1,If a person is interested they are also likely to be:,If a person is <b>interested</b> they are also likely to be:,"""If a person is interested they are also likely to be:"",","""If a person is <b>interested</b> they are also likely to be:"",","""If a person is <b>interested</b> they are also likely to:"","
friendly,friendly,A person who is friendly,1,0,0,0,0,0,0,0,0,0,0,0,0,0,0,0,0,0,0,0,NA,1,NA,NA,NA,NA,NA,NA,NA,NA,NA,NA,NA,NA,NA,NA,NA,NA,1,If a person is friendly they are also likely to be:,If a person is <b>friendly</b> they are also likely to be:,"""If a person is friendly they are also likely to be:"",","""If a person is <b>friendly</b> they are also likely to be:"",","""If a person is <b>friendly</b> they are also likely to:"","
unfriendly,unfriendly,A person who is unfriendly,1,0,0,0,0,0,0,0,0,0,0,0,0,0,0,0,0,0,0,0,NA,-1,NA,NA,NA,NA,NA,NA,NA,NA,NA,NA,NA,NA,NA,NA,NA,NA,1,If a person is unfriendly they are also likely to be:,If a person is <b>unfriendly</b> they are also likely to be:,"""If a person is unfriendly they are also likely to be:"",","""If a person is <b>unfriendly</b> they are also likely to be:"",","""If a person is <b>unfriendly</b> they are also likely to:"","
polite,polite,A person who is polite,1,0,0,0,0,0,0,0,0,0,0,0,0,0,0,0,0,0,0,0,NA,1,NA,NA,NA,NA,NA,NA,NA,NA,NA,NA,NA,NA,NA,NA,NA,NA,1,If a person is polite they are also likely to be:,If a person is <b>polite</b> they are also likely to be:,"""If a person is polite they are also likely to be:"",","""If a person is <b>polite</b> they are also likely to be:"",","""If a person is <b>polite</b> they are also likely to:"","
impolite,impolite,A person who is impolite,1,0,0,0,0,0,0,0,0,0,0,0,0,0,0,0,0,0,0,0,NA,-1,NA,NA,NA,NA,NA,NA,NA,NA,NA,NA,NA,NA,NA,NA,NA,NA,1,If a person is impolite they are also likely to be:,If a person is <b>impolite</b> they are also likely to be:,"""If a person is impolite they are also likely to be:"",","""If a person is <b>impolite</b> they are also likely to be:"",","""If a person is <b>impolite</b> they are also likely to:"","
sociable,sociable,A person who is sociable,1,0,0,0,0,0,0,0,0,0,0,0,0,0,0,0,0,0,0,0,NA,1,NA,NA,NA,NA,NA,NA,NA,NA,NA,NA,NA,NA,NA,NA,NA,NA,1,If a person is sociable they are also likely to be:,If a person is <b>sociable</b> they are also likely to be:,"""If a person is sociable they are also likely to be:"",","""If a person is <b>sociable</b> they are also likely to be:"",","""If a person is <b>sociable</b> they are also likely to:"","
unsociable,unsociable,A person who is unsociable,1,0,0,0,0,0,0,0,0,0,0,0,0,0,0,0,0,0,0,0,NA,-1,NA,NA,NA,NA,NA,NA,NA,NA,NA,NA,NA,NA,NA,NA,NA,NA,1,If a person is unsociable they are also likely to be:,If a person is <b>unsociable</b> they are also likely to be:,"""If a person is unsociable they are also likely to be:"",","""If a person is <b>unsociable</b> they are also likely to be:"",","""If a person is <b>unsociable</b> they are also likely to:"","
social,social,A person who is social,1,0,0,0,0,0,0,0,0,0,0,0,0,0,0,0,0,0,0,0,NA,1,NA,NA,NA,NA,NA,NA,NA,NA,NA,NA,NA,NA,NA,NA,NA,NA,1,If a person is social they are also likely to be:,If a person is <b>social</b> they are also likely to be:,"""If a person is social they are also likely to be:"",","""If a person is <b>social</b> they are also likely to be:"",","""If a person is <b>social</b> they are also likely to:"","
unsocial,unsocial,A person who is unsocial,1,0,0,0,0,0,0,0,0,0,0,0,0,0,0,0,0,0,0,0,NA,-1,NA,NA,NA,NA,NA,NA,NA,NA,NA,NA,NA,NA,NA,NA,NA,NA,1,If a person is unsocial they are also likely to be:,If a person is <b>unsocial</b> they are also likely to be:,"""If a person is unsocial they are also likely to be:"",","""If a person is <b>unsocial</b> they are also likely to be:"",","""If a person is <b>unsocial</b> they are also likely to:"","
warm,warm,A person who is warm,1,0,0,0,0,0,0,0,0,0,0,0,0,0,0,0,0,0,0,0,NA,1,NA,NA,NA,NA,NA,NA,NA,NA,NA,NA,NA,NA,NA,NA,NA,NA,1,If a person is warm they are also likely to be:,If a person is <b>warm</b> they are also likely to be:,"""If a person is warm they are also likely to be:"",","""If a person is <b>warm</b> they are also likely to be:"",","""If a person is <b>warm</b> they are also likely to:"","
cold,cold,A person who is cold,1,0,0,0,0,0,0,0,0,0,0,0,0,0,0,0,0,0,0,0,NA,-1,NA,NA,NA,NA,NA,NA,NA,NA,NA,NA,NA,NA,NA,NA,NA,NA,1,If a person is cold they are also likely to be:,If a person is <b>cold</b> they are also likely to be:,"""If a person is cold they are also likely to be:"",","""If a person is <b>cold</b> they are also likely to be:"",","""If a person is <b>cold</b> they are also likely to:"","
outgoing,outgoing,A person who is outgoing,1,0,0,0,0,0,0,0,0,0,0,0,0,0,0,0,0,0,0,0,NA,1,NA,NA,NA,NA,NA,NA,NA,NA,NA,NA,NA,NA,NA,NA,NA,NA,1,If a person is outgoing they are also likely to be:,If a person is <b>outgoing</b> they are also likely to be:,"""If a person is outgoing they are also likely to be:"",","""If a person is <b>outgoing</b> they are also likely to be:"",","""If a person is <b>outgoing</b> they are also likely to:"","
shy,shy,A person who is shy,1,0,0,0,0,0,0,0,0,0,0,0,0,0,0,0,0,0,0,0,NA,-1,NA,NA,NA,NA,NA,NA,NA,NA,NA,NA,NA,NA,NA,NA,NA,NA,1,If a person is shy they are also likely to be:,If a person is <b>shy</b> they are also likely to be:,"""If a person is shy they are also likely to be:"",","""If a person is <b>shy</b> they are also likely to be:"",","""If a person is <b>shy</b> they are also likely to:"","
unreserved,unreserved,A person who is unreserved,1,0,0,0,0,0,0,0,0,0,0,0,0,0,0,0,0,0,0,0,NA,1,NA,NA,NA,NA,NA,NA,NA,NA,NA,NA,NA,NA,NA,NA,NA,NA,1,If a person is unreserved they are also likely to be:,If a person is <b>unreserved</b> they are also likely to be:,"""If a person is unreserved they are also likely to be:"",","""If a person is <b>unreserved</b> they are also likely to be:"",","""If a person is <b>unreserved</b> they are also likely to:"","
aloof,aloof,A person who is aloof,1,0,0,0,0,0,0,0,0,0,0,0,0,0,0,0,0,0,0,0,NA,-1,NA,NA,NA,NA,NA,NA,NA,NA,NA,NA,NA,NA,NA,NA,NA,NA,1,If a person is aloof they are also likely to be:,If a person is <b>aloof</b> they are also likely to be:,"""If a person is aloof they are also likely to be:"",","""If a person is <b>aloof</b> they are also likely to be:"",","""If a person is <b>aloof</b> they are also likely to:"","
welcoming,welcoming,A person who is welcoming,1,0,0,0,0,0,0,0,0,0,0,0,0,0,0,0,0,0,0,0,NA,1,NA,NA,NA,NA,NA,NA,NA,NA,NA,NA,NA,NA,NA,NA,NA,NA,1,If a person is welcoming they are also likely to be:,If a person is <b>welcoming</b> they are also likely to be:,"""If a person is welcoming they are also likely to be:"",","""If a person is <b>welcoming</b> they are also likely to be:"",","""If a person is <b>welcoming</b> they are also likely to:"","
rude,rude,A person who is rude,1,0,0,0,0,0,0,0,0,0,0,0,0,0,0,0,0,0,0,0,NA,-1,NA,NA,NA,NA,NA,NA,NA,NA,NA,NA,NA,NA,NA,NA,NA,NA,1,If a person is rude they are also likely to be:,If a person is <b>rude</b> they are also likely to be:,"""If a person is rude they are also likely to be:"",","""If a person is <b>rude</b> they are also likely to be:"",","""If a person is <b>rude</b> they are also likely to:"","
sympathetic,sympathetic,A person who is sympathetic,1,0,0,0,0,0,0,0,0,0,0,0,0,0,0,0,0,0,0,0,NA,1,NA,NA,NA,NA,NA,NA,NA,NA,NA,NA,NA,NA,NA,NA,NA,NA,1,If a person is sympathetic they are also likely to be:,If a person is <b>sympathetic</b> they are also likely to be:,"""If a person is sympathetic they are also likely to be:"",","""If a person is <b>sympathetic</b> they are also likely to be:"",","""If a person is <b>sympathetic</b> they are also likely to:"","
unsympathetic,unsympathetic,A person who is unsympathetic,1,0,0,0,0,0,0,0,0,0,0,0,0,0,0,0,0,0,0,0,NA,-1,NA,NA,NA,NA,NA,NA,NA,NA,NA,NA,NA,NA,NA,NA,NA,NA,1,If a person is unsympathetic they are also likely to be:,If a person is <b>unsympathetic</b> they are also likely to be:,"""If a person is unsympathetic they are also likely to be:"",","""If a person is <b>unsympathetic</b> they are also likely to be:"",","""If a person is <b>unsympathetic</b> they are also likely to:"","
humorous,humorous,A person who is humorous,1,0,0,0,0,0,0,0,0,0,0,0,0,0,0,0,0,0,0,0,NA,1,NA,NA,NA,NA,NA,NA,NA,NA,NA,NA,NA,NA,NA,NA,NA,NA,1,If a person is humorous they are also likely to be:,If a person is <b>humorous</b> they are also likely to be:,"""If a person is humorous they are also likely to be:"",","""If a person is <b>humorous</b> they are also likely to be:"",","""If a person is <b>humorous</b> they are also likely to:"","
boring,boring,A person who is boring,1,0,0,0,0,0,0,0,0,0,0,0,0,0,0,0,0,0,0,0,NA,-1,NA,NA,NA,NA,NA,NA,NA,NA,NA,NA,NA,NA,NA,NA,NA,NA,1,If a person is boring they are also likely to be:,If a person is <b>boring</b> they are also likely to be:,"""If a person is boring they are also likely to be:"",","""If a person is <b>boring</b> they are also likely to be:"",","""If a person is <b>boring</b> they are also likely to:"","
affectionate,affectionate,A person who is affectionate,1,0,0,0,0,0,0,0,0,0,0,0,0,0,0,0,0,0,0,0,NA,1,NA,NA,NA,NA,NA,NA,NA,NA,NA,NA,NA,NA,NA,NA,NA,NA,1,If a person is affectionate they are also likely to be:,If a person is <b>affectionate</b> they are also likely to be:,"""If a person is affectionate they are also likely to be:"",","""If a person is <b>affectionate</b> they are also likely to be:"",","""If a person is <b>affectionate</b> they are also likely to:"","
unaffectionate,unaffectionate,A person who is unaffectionate,1,0,0,0,0,0,0,0,0,0,0,0,0,0,0,0,0,0,0,0,NA,-1,NA,NA,NA,NA,NA,NA,NA,NA,NA,NA,NA,NA,NA,NA,NA,NA,1,If a person is unaffectionate they are also likely to be:,If a person is <b>unaffectionate</b> they are also likely to be:,"""If a person is unaffectionate they are also likely to be:"",","""If a person is <b>unaffectionate</b> they are also likely to be:"",","""If a person is <b>unaffectionate</b> they are also likely to:"","
agreeable,agreeable,A person who is agreeable,1,0,0,0,0,0,0,0,0,0,0,0,0,0,0,0,0,0,0,0,NA,1,NA,NA,NA,NA,NA,NA,NA,NA,NA,NA,NA,NA,NA,NA,NA,NA,1,If a person is agreeable they are also likely to be:,If a person is <b>agreeable</b> they are also likely to be:,"""If a person is agreeable they are also likely to be:"",","""If a person is <b>agreeable</b> they are also likely to be:"",","""If a person is <b>agreeable</b> they are also likely to:"","
disagreeable,disagreeable,A person who is disagreeable,1,0,0,0,0,0,0,0,0,0,0,0,0,0,0,0,0,0,0,0,NA,-1,NA,NA,NA,NA,NA,NA,NA,NA,NA,NA,NA,NA,NA,NA,NA,NA,1,If a person is disagreeable they are also likely to be:,If a person is <b>disagreeable</b> they are also likely to be:,"""If a person is disagreeable they are also likely to be:"",","""If a person is <b>disagreeable</b> they are also likely to be:"",","""If a person is <b>disagreeable</b> they are also likely to:"","
forthcoming,forthcoming,A person who is forthcoming,1,0,0,0,0,0,0,0,0,0,0,0,0,0,0,0,0,0,0,0,NA,1,NA,NA,NA,NA,NA,NA,NA,NA,NA,NA,NA,NA,NA,NA,NA,NA,1,If a person is forthcoming they are also likely to be:,If a person is <b>forthcoming</b> they are also likely to be:,"""If a person is forthcoming they are also likely to be:"",","""If a person is <b>forthcoming</b> they are also likely to be:"",","""If a person is <b>forthcoming</b> they are also likely to:"","
distant,distant,A person who is distant,1,0,0,0,0,0,0,0,0,0,0,0,0,0,0,0,0,0,0,0,NA,-1,NA,NA,NA,NA,NA,NA,NA,NA,NA,NA,NA,NA,NA,NA,NA,NA,1,If a person is distant they are also likely to be:,If a person is <b>distant</b> they are also likely to be:,"""If a person is distant they are also likely to be:"",","""If a person is <b>distant</b> they are also likely to be:"",","""If a person is <b>distant</b> they are also likely to:"","
funny,funny,A person who is funny,1,0,0,0,0,0,0,0,0,0,0,0,0,0,0,0,0,0,0,0,NA,1,NA,NA,NA,NA,NA,NA,NA,NA,NA,NA,NA,NA,NA,NA,NA,NA,1,If a person is funny they are also likely to be:,If a person is <b>funny</b> they are also likely to be:,"""If a person is funny they are also likely to be:"",","""If a person is <b>funny</b> they are also likely to be:"",","""If a person is <b>funny</b> they are also likely to:"","
unfunny,unfunny,A person who is unfunny,1,0,0,0,0,0,0,0,0,0,0,0,0,0,0,0,0,0,0,0,NA,-1,NA,NA,NA,NA,NA,NA,NA,NA,NA,NA,NA,NA,NA,NA,NA,NA,1,If a person is unfunny they are also likely to be:,If a person is <b>unfunny</b> they are also likely to be:,"""If a person is unfunny they are also likely to be:"",","""If a person is <b>unfunny</b> they are also likely to be:"",","""If a person is <b>unfunny</b> they are also likely to:"","
open,open,A person who is open,1,0,0,0,0,0,0,0,0,0,0,0,0,0,0,0,0,0,0,0,NA,1,NA,NA,NA,NA,NA,NA,NA,NA,NA,NA,NA,NA,NA,NA,NA,NA,1,If a person is open they are also likely to be:,If a person is <b>open</b> they are also likely to be:,"""If a person is open they are also likely to be:"",","""If a person is <b>open</b> they are also likely to be:"",","""If a person is <b>open</b> they are also likely to:"","
timid,timid,A person who is timid,1,0,0,0,0,0,0,0,0,0,0,0,0,0,0,0,0,0,0,0,NA,-1,NA,NA,NA,NA,NA,NA,NA,NA,NA,NA,NA,NA,NA,NA,NA,NA,1,If a person is timid they are also likely to be:,If a person is <b>timid</b> they are also likely to be:,"""If a person is timid they are also likely to be:"",","""If a person is <b>timid</b> they are also likely to be:"",","""If a person is <b>timid</b> they are also likely to:"","
likable,likable,A person who is likable,1,0,0,0,0,0,0,0,0,0,0,0,0,0,0,0,0,0,0,0,NA,1,NA,NA,NA,NA,NA,NA,NA,NA,NA,NA,NA,NA,NA,NA,NA,NA,1,If a person is likable they are also likely to be:,If a person is <b>likable</b> they are also likely to be:,"""If a person is likable they are also likely to be:"",","""If a person is <b>likable</b> they are also likely to be:"",","""If a person is <b>likable</b> they are also likely to:"","
unlikable,unlikable,A person who is unlikable,1,0,0,0,0,0,0,0,0,0,0,0,0,0,0,0,0,0,0,0,NA,-1,NA,NA,NA,NA,NA,NA,NA,NA,NA,NA,NA,NA,NA,NA,NA,NA,1,If a person is unlikable they are also likely to be:,If a person is <b>unlikable</b> they are also likely to be:,"""If a person is unlikable they are also likely to be:"",","""If a person is <b>unlikable</b> they are also likely to be:"",","""If a person is <b>unlikable</b> they are also likely to:"","
pleasant,pleasant,A person who is pleasant,1,0,0,0,0,0,0,0,0,0,0,0,0,0,0,0,0,0,0,0,NA,1,NA,NA,NA,NA,NA,NA,NA,NA,NA,NA,NA,NA,NA,NA,NA,NA,1,If a person is pleasant they are also likely to be:,If a person is <b>pleasant</b> they are also likely to be:,"""If a person is pleasant they are also likely to be:"",","""If a person is <b>pleasant</b> they are also likely to be:"",","""If a person is <b>pleasant</b> they are also likely to:"","
unpleasant,unpleasant,A person who is unpleasant,1,0,0,0,0,0,0,0,0,0,0,0,0,0,0,0,0,0,0,0,NA,-1,NA,NA,NA,NA,NA,NA,NA,NA,NA,NA,NA,NA,NA,NA,NA,NA,1,If a person is unpleasant they are also likely to be:,If a person is <b>unpleasant</b> they are also likely to be:,"""If a person is unpleasant they are also likely to be:"",","""If a person is <b>unpleasant</b> they are also likely to be:"",","""If a person is <b>unpleasant</b> they are also likely to:"","
caring,caring,A person who is caring,1,0,0,0,0,0,0,0,0,0,0,0,0,0,0,0,0,0,0,0,NA,1,NA,NA,NA,NA,NA,NA,NA,NA,NA,NA,NA,NA,NA,NA,NA,NA,1,If a person is caring they are also likely to be:,If a person is <b>caring</b> they are also likely to be:,"""If a person is caring they are also likely to be:"",","""If a person is <b>caring</b> they are also likely to be:"",","""If a person is <b>caring</b> they are also likely to:"","
uncaring,uncaring,A person who is uncaring,1,0,0,0,0,0,0,0,0,0,0,0,0,0,0,0,0,0,0,0,NA,-1,NA,NA,NA,NA,NA,NA,NA,NA,NA,NA,NA,NA,NA,NA,NA,NA,1,If a person is uncaring they are also likely to be:,If a person is <b>uncaring</b> they are also likely to be:,"""If a person is uncaring they are also likely to be:"",","""If a person is <b>uncaring</b> they are also likely to be:"",","""If a person is <b>uncaring</b> they are also likely to:"","
supportive,supportive,A person who is supportive,1,0,0,0,0,0,0,0,0,0,0,0,0,0,0,0,0,0,0,0,NA,1,NA,NA,NA,NA,NA,NA,NA,NA,NA,NA,NA,NA,NA,NA,NA,NA,1,If a person is supportive they are also likely to be:,If a person is <b>supportive</b> they are also likely to be:,"""If a person is supportive they are also likely to be:"",","""If a person is <b>supportive</b> they are also likely to be:"",","""If a person is <b>supportive</b> they are also likely to:"","
unsupportive,unsupportive,A person who is unsupportive,1,0,0,0,0,0,0,0,0,0,0,0,0,0,0,0,0,0,0,0,NA,-1,NA,NA,NA,NA,NA,NA,NA,NA,NA,NA,NA,NA,NA,NA,NA,NA,1,If a person is unsupportive they are also likely to be:,If a person is <b>unsupportive</b> they are also likely to be:,"""If a person is unsupportive they are also likely to be:"",","""If a person is <b>unsupportive</b> they are also likely to be:"",","""If a person is <b>unsupportive</b> they are also likely to:"","
fair,fair,A person who is fair,0,1,0,0,0,0,0,0,0,0,0,0,0,0,0,0,0,0,0,0,NA,NA,1,NA,NA,NA,NA,NA,NA,NA,NA,NA,NA,NA,NA,NA,NA,NA,1,If a person is fair they are also likely to be:,If a person is <b>fair</b> they are also likely to be:,"""If a person is fair they are also likely to be:"",","""If a person is <b>fair</b> they are also likely to be:"",","""If a person is <b>fair</b> they are also likely to:"","
unfair,unfair,A person who is unfair,0,1,0,0,0,0,0,0,0,0,0,0,0,0,0,0,0,0,0,0,NA,NA,-1,NA,NA,NA,NA,NA,NA,NA,NA,NA,NA,NA,NA,NA,NA,NA,1,If a person is unfair they are also likely to be:,If a person is <b>unfair</b> they are also likely to be:,"""If a person is unfair they are also likely to be:"",","""If a person is <b>unfair</b> they are also likely to be:"",","""If a person is <b>unfair</b> they are also likely to:"","
moral,moral,A person who is moral,0,1,0,0,0,0,0,0,0,0,0,0,0,0,0,0,0,0,0,0,NA,NA,1,NA,NA,NA,NA,NA,NA,NA,NA,NA,NA,NA,NA,NA,NA,NA,1,If a person is moral they are also likely to be:,If a person is <b>moral</b> they are also likely to be:,"""If a person is moral they are also likely to be:"",","""If a person is <b>moral</b> they are also likely to be:"",","""If a person is <b>moral</b> they are also likely to:"","
immoral,immoral,A person who is immoral,0,1,0,0,0,0,0,0,0,0,0,0,0,0,0,0,0,0,0,0,NA,NA,-1,NA,NA,NA,NA,NA,NA,NA,NA,NA,NA,NA,NA,NA,NA,NA,1,If a person is immoral they are also likely to be:,If a person is <b>immoral</b> they are also likely to be:,"""If a person is immoral they are also likely to be:"",","""If a person is <b>immoral</b> they are also likely to be:"",","""If a person is <b>immoral</b> they are also likely to:"","
honest,honest,A person who is honest,0,1,0,0,0,0,0,0,0,0,0,0,0,0,0,0,0,0,0,0,NA,NA,1,NA,NA,NA,NA,NA,NA,NA,NA,NA,NA,NA,NA,NA,NA,NA,1,If a person is honest they are also likely to be:,If a person is <b>honest</b> they are also likely to be:,"""If a person is honest they are also likely to be:"",","""If a person is <b>honest</b> they are also likely to be:"",","""If a person is <b>honest</b> they are also likely to:"","
dishonest,dishonest,A person who is dishonest,0,1,0,0,0,0,0,0,0,0,0,0,0,0,0,0,0,0,0,0,NA,NA,-1,NA,NA,NA,NA,NA,NA,NA,NA,NA,NA,NA,NA,NA,NA,NA,1,If a person is dishonest they are also likely to be:,If a person is <b>dishonest</b> they are also likely to be:,"""If a person is dishonest they are also likely to be:"",","""If a person is <b>dishonest</b> they are also likely to be:"",","""If a person is <b>dishonest</b> they are also likely to:"","
sincere,sincere,A person who is sincere,0,1,0,0,0,0,0,0,0,0,0,0,0,0,0,0,0,0,0,0,NA,NA,1,NA,NA,NA,NA,NA,NA,NA,NA,NA,NA,NA,NA,NA,NA,NA,1,If a person is sincere they are also likely to be:,If a person is <b>sincere</b> they are also likely to be:,"""If a person is sincere they are also likely to be:"",","""If a person is <b>sincere</b> they are also likely to be:"",","""If a person is <b>sincere</b> they are also likely to:"","
insincere,insincere,A person who is insincere,0,1,0,0,0,0,0,0,0,0,0,0,0,0,0,0,0,0,0,0,NA,NA,-1,NA,NA,NA,NA,NA,NA,NA,NA,NA,NA,NA,NA,NA,NA,NA,1,If a person is insincere they are also likely to be:,If a person is <b>insincere</b> they are also likely to be:,"""If a person is insincere they are also likely to be:"",","""If a person is <b>insincere</b> they are also likely to be:"",","""If a person is <b>insincere</b> they are also likely to:"","
loyal,loyal,A person who is loyal,0,1,0,0,0,0,0,0,0,0,0,0,0,0,0,0,0,0,0,0,NA,NA,1,NA,NA,NA,NA,NA,NA,NA,NA,NA,NA,NA,NA,NA,NA,NA,1,If a person is loyal they are also likely to be:,If a person is <b>loyal</b> they are also likely to be:,"""If a person is loyal they are also likely to be:"",","""If a person is <b>loyal</b> they are also likely to be:"",","""If a person is <b>loyal</b> they are also likely to:"","
disloyal,disloyal,A person who is disloyal,0,1,0,0,0,0,0,0,0,0,0,0,0,0,0,0,0,0,0,0,NA,NA,-1,NA,NA,NA,NA,NA,NA,NA,NA,NA,NA,NA,NA,NA,NA,NA,1,If a person is disloyal they are also likely to be:,If a person is <b>disloyal</b> they are also likely to be:,"""If a person is disloyal they are also likely to be:"",","""If a person is <b>disloyal</b> they are also likely to be:"",","""If a person is <b>disloyal</b> they are also likely to:"","
benevolent,benevolent,A person who is benevolent,0,1,0,0,0,0,0,0,0,0,0,0,0,0,0,0,0,0,0,0,NA,NA,1,NA,NA,NA,NA,NA,NA,NA,NA,NA,NA,NA,NA,NA,NA,NA,1,If a person is benevolent they are also likely to be:,If a person is <b>benevolent</b> they are also likely to be:,"""If a person is benevolent they are also likely to be:"",","""If a person is <b>benevolent</b> they are also likely to be:"",","""If a person is <b>benevolent</b> they are also likely to:"","
evil,evil,A person who is evil,0,1,0,0,0,0,0,0,0,0,0,0,0,0,0,0,0,0,0,0,NA,NA,-1,NA,NA,NA,NA,NA,NA,NA,NA,NA,NA,NA,NA,NA,NA,NA,1,If a person is evil they are also likely to be:,If a person is <b>evil</b> they are also likely to be:,"""If a person is evil they are also likely to be:"",","""If a person is <b>evil</b> they are also likely to be:"",","""If a person is <b>evil</b> they are also likely to:"","
compassionate,compassionate,A person who is compassionate,0,1,0,0,0,0,0,0,0,0,0,0,0,0,0,0,0,0,0,0,NA,NA,1,NA,NA,NA,NA,NA,NA,NA,NA,NA,NA,NA,NA,NA,NA,NA,1,If a person is compassionate they are also likely to be:,If a person is <b>compassionate</b> they are also likely to be:,"""If a person is compassionate they are also likely to be:"",","""If a person is <b>compassionate</b> they are also likely to be:"",","""If a person is <b>compassionate</b> they are also likely to:"","
brutal,brutal,A person who is brutal,0,1,0,0,0,0,0,0,0,0,0,0,0,0,0,0,0,0,0,0,NA,NA,-1,NA,NA,NA,NA,NA,NA,NA,NA,NA,NA,NA,NA,NA,NA,NA,1,If a person is brutal they are also likely to be:,If a person is <b>brutal</b> they are also likely to be:,"""If a person is brutal they are also likely to be:"",","""If a person is <b>brutal</b> they are also likely to be:"",","""If a person is <b>brutal</b> they are also likely to:"","
genuine,genuine,A person who is genuine,0,1,0,0,0,0,0,0,0,0,0,0,0,0,0,0,0,0,0,0,NA,NA,1,NA,NA,NA,NA,NA,NA,NA,NA,NA,NA,NA,NA,NA,NA,NA,1,If a person is genuine they are also likely to be:,If a person is <b>genuine</b> they are also likely to be:,"""If a person is genuine they are also likely to be:"",","""If a person is <b>genuine</b> they are also likely to be:"",","""If a person is <b>genuine</b> they are also likely to:"","
fake,fake,A person who is fake,0,1,0,0,0,0,0,0,0,0,0,0,0,0,0,0,0,0,0,0,NA,NA,-1,NA,NA,NA,NA,NA,NA,NA,NA,NA,NA,NA,NA,NA,NA,NA,1,If a person is fake they are also likely to be:,If a person is <b>fake</b> they are also likely to be:,"""If a person is fake they are also likely to be:"",","""If a person is <b>fake</b> they are also likely to be:"",","""If a person is <b>fake</b> they are also likely to:"","
honorable,honorable,A person who is honorable,0,1,0,0,0,0,0,0,0,0,0,0,0,0,0,0,0,0,0,0,NA,NA,1,NA,NA,NA,NA,NA,NA,NA,NA,NA,NA,NA,NA,NA,NA,NA,1,If a person is honorable they are also likely to be:,If a person is <b>honorable</b> they are also likely to be:,"""If a person is honorable they are also likely to be:"",","""If a person is <b>honorable</b> they are also likely to be:"",","""If a person is <b>honorable</b> they are also likely to:"","
corrupt,corrupt,A person who is corrupt,0,1,0,0,0,0,0,0,0,0,0,0,0,0,0,0,0,0,0,0,NA,NA,-1,NA,NA,NA,NA,NA,NA,NA,NA,NA,NA,NA,NA,NA,NA,NA,1,If a person is corrupt they are also likely to be:,If a person is <b>corrupt</b> they are also likely to be:,"""If a person is corrupt they are also likely to be:"",","""If a person is <b>corrupt</b> they are also likely to be:"",","""If a person is <b>corrupt</b> they are also likely to:"","
tolerant,tolerant,A person who is tolerant,0,1,0,0,0,0,0,0,0,0,0,0,0,0,0,0,0,0,0,0,NA,NA,1,NA,NA,NA,NA,NA,NA,NA,NA,NA,NA,NA,NA,NA,NA,NA,1,If a person is tolerant they are also likely to be:,If a person is <b>tolerant</b> they are also likely to be:,"""If a person is tolerant they are also likely to be:"",","""If a person is <b>tolerant</b> they are also likely to be:"",","""If a person is <b>tolerant</b> they are also likely to:"","
intolerant,intolerant,A person who is intolerant,0,1,0,0,0,0,0,0,0,0,0,0,0,0,0,0,0,0,0,0,NA,NA,-1,NA,NA,NA,NA,NA,NA,NA,NA,NA,NA,NA,NA,NA,NA,NA,1,If a person is intolerant they are also likely to be:,If a person is <b>intolerant</b> they are also likely to be:,"""If a person is intolerant they are also likely to be:"",","""If a person is <b>intolerant</b> they are also likely to be:"",","""If a person is <b>intolerant</b> they are also likely to:"","
virtuous,virtuous,A person who is virtuous,0,1,0,0,0,0,0,0,0,0,0,0,0,0,0,0,0,0,0,0,NA,NA,1,NA,NA,NA,NA,NA,NA,NA,NA,NA,NA,NA,NA,NA,NA,NA,1,If a person is virtuous they are also likely to be:,If a person is <b>virtuous</b> they are also likely to be:,"""If a person is virtuous they are also likely to be:"",","""If a person is <b>virtuous</b> they are also likely to be:"",","""If a person is <b>virtuous</b> they are also likely to:"","
criminal,a criminal,A person who is a criminal,0,1,0,0,0,0,0,0,0,0,0,0,0,0,0,0,0,0,0,0,NA,NA,-1,NA,NA,NA,NA,NA,NA,NA,NA,NA,NA,NA,NA,NA,NA,NA,1,If a person is criminal they are also likely to be:,If a person is <b>a criminal</b> they are also likely to be:,"""If a person is criminal they are also likely to be:"",","""If a person is <b>a criminal</b> they are also likely to be:"",","""If a person is <b>a criminal</b> they are also likely to:"","
unprejudiced,unprejudiced,A person who is unprejudiced,0,1,0,0,0,0,0,0,0,0,0,0,0,0,0,0,0,0,0,0,NA,NA,1,NA,NA,NA,NA,NA,NA,NA,NA,NA,NA,NA,NA,NA,NA,NA,1,If a person is unprejudiced they are also likely to be:,If a person is <b>unprejudiced</b> they are also likely to be:,"""If a person is unprejudiced they are also likely to be:"",","""If a person is <b>unprejudiced</b> they are also likely to be:"",","""If a person is <b>unprejudiced</b> they are also likely to:"","
prejudiced,prejudiced,A person who is prejudiced,0,1,0,0,0,0,0,0,0,0,0,0,0,0,0,0,0,0,0,0,NA,NA,-1,NA,NA,NA,NA,NA,NA,NA,NA,NA,NA,NA,NA,NA,NA,NA,1,If a person is prejudiced they are also likely to be:,If a person is <b>prejudiced</b> they are also likely to be:,"""If a person is prejudiced they are also likely to be:"",","""If a person is <b>prejudiced</b> they are also likely to be:"",","""If a person is <b>prejudiced</b> they are also likely to:"","
kind,kind,A person who is kind,0,1,0,0,0,0,0,0,0,0,0,0,0,0,0,0,0,0,0,0,NA,NA,1,NA,NA,NA,NA,NA,NA,NA,NA,NA,NA,NA,NA,NA,NA,NA,1,If a person is kind they are also likely to be:,If a person is <b>kind</b> they are also likely to be:,"""If a person is kind they are also likely to be:"",","""If a person is <b>kind</b> they are also likely to be:"",","""If a person is <b>kind</b> they are also likely to:"","
unkind,unkind,A person who is unkind,0,1,0,0,0,0,0,0,0,0,0,0,0,0,0,0,0,0,0,0,NA,NA,-1,NA,NA,NA,NA,NA,NA,NA,NA,NA,NA,NA,NA,NA,NA,NA,1,If a person is unkind they are also likely to be:,If a person is <b>unkind</b> they are also likely to be:,"""If a person is unkind they are also likely to be:"",","""If a person is <b>unkind</b> they are also likely to be:"",","""If a person is <b>unkind</b> they are also likely to:"","
altruistic,altruistic,A person who is altruistic,0,1,0,0,0,0,0,0,0,0,0,0,0,0,0,0,0,0,0,0,NA,NA,1,NA,NA,NA,NA,NA,NA,NA,NA,NA,NA,NA,NA,NA,NA,NA,1,If a person is altruistic they are also likely to be:,If a person is <b>altruistic</b> they are also likely to be:,"""If a person is altruistic they are also likely to be:"",","""If a person is <b>altruistic</b> they are also likely to be:"",","""If a person is <b>altruistic</b> they are also likely to:"","
selfish,selfish,A person who is selfish,0,1,0,0,0,0,0,0,0,0,0,0,0,0,0,0,0,0,0,0,NA,NA,-1,NA,NA,NA,NA,NA,NA,NA,NA,NA,NA,NA,NA,NA,NA,NA,1,If a person is selfish they are also likely to be:,If a person is <b>selfish</b> they are also likely to be:,"""If a person is selfish they are also likely to be:"",","""If a person is <b>selfish</b> they are also likely to be:"",","""If a person is <b>selfish</b> they are also likely to:"","
truthful,truthful,A person who is truthful,0,1,0,0,0,0,0,0,0,0,0,0,0,0,0,0,0,0,0,0,NA,NA,1,NA,NA,NA,NA,NA,NA,NA,NA,NA,NA,NA,NA,NA,NA,NA,1,If a person is truthful they are also likely to be:,If a person is <b>truthful</b> they are also likely to be:,"""If a person is truthful they are also likely to be:"",","""If a person is <b>truthful</b> they are also likely to be:"",","""If a person is <b>truthful</b> they are also likely to:"","
liar,a liar,A person who is a liar,0,1,0,0,0,0,0,0,0,0,0,0,0,0,0,0,0,0,0,0,NA,NA,-1,NA,NA,NA,NA,NA,NA,NA,NA,NA,NA,NA,NA,NA,NA,NA,1,If a person is a liar they are also likely to be:,If a person is <b>a liar</b> they are also likely to be:,"""If a person is a liar they are also likely to be:"",","""If a person is <b>a liar</b> they are also likely to be:"",","""If a person is <b>a liar</b> they are also likely to:"","
faithful,faithful,A person who is faithful,0,1,0,0,0,0,0,0,0,0,0,0,0,0,0,0,0,0,0,0,NA,NA,1,NA,NA,NA,NA,NA,NA,NA,NA,NA,NA,NA,NA,NA,NA,NA,1,If a person is faithful they are also likely to be:,If a person is <b>faithful</b> they are also likely to be:,"""If a person is faithful they are also likely to be:"",","""If a person is <b>faithful</b> they are also likely to be:"",","""If a person is <b>faithful</b> they are also likely to:"","
double-faced,double-faced,A person who is double-faced,0,1,0,0,0,0,0,0,0,0,0,0,0,0,0,0,0,0,0,0,NA,NA,-1,NA,NA,NA,NA,NA,NA,NA,NA,NA,NA,NA,NA,NA,NA,NA,1,If a person is double-faced they are also likely to be:,If a person is <b>double-faced</b> they are also likely to be:,"""If a person is double-faced they are also likely to be:"",","""If a person is <b>double-faced</b> they are also likely to be:"",","""If a person is <b>double-faced</b> they are also likely to:"","
forgiving,forgiving,A person who is forgiving,0,1,0,0,0,0,0,0,0,0,0,0,0,0,0,0,0,0,0,0,NA,NA,1,NA,NA,NA,NA,NA,NA,NA,NA,NA,NA,NA,NA,NA,NA,NA,1,If a person is forgiving they are also likely to be:,If a person is <b>forgiving</b> they are also likely to be:,"""If a person is forgiving they are also likely to be:"",","""If a person is <b>forgiving</b> they are also likely to be:"",","""If a person is <b>forgiving</b> they are also likely to:"","
revengeful,revengeful,A person who is revengeful,0,1,0,0,0,0,0,0,0,0,0,0,0,0,0,0,0,0,0,0,NA,NA,-1,NA,NA,NA,NA,NA,NA,NA,NA,NA,NA,NA,NA,NA,NA,NA,1,If a person is revengeful they are also likely to be:,If a person is <b>revengeful</b> they are also likely to be:,"""If a person is revengeful they are also likely to be:"",","""If a person is <b>revengeful</b> they are also likely to be:"",","""If a person is <b>revengeful</b> they are also likely to:"","
selfless,selfless,A person who is selfless,0,1,0,0,0,0,0,0,0,0,0,0,0,0,0,0,0,0,0,0,NA,NA,1,NA,NA,NA,NA,NA,NA,NA,NA,NA,NA,NA,NA,NA,NA,NA,1,If a person is selfless they are also likely to be:,If a person is <b>selfless</b> they are also likely to be:,"""If a person is selfless they are also likely to be:"",","""If a person is <b>selfless</b> they are also likely to be:"",","""If a person is <b>selfless</b> they are also likely to:"","
egoistic,egoistic,A person who is egoistic,0,1,0,0,0,0,0,0,0,0,0,0,0,0,0,0,0,0,0,0,NA,NA,-1,NA,NA,NA,NA,NA,NA,NA,NA,NA,NA,NA,NA,NA,NA,NA,1,If a person is egoistic they are also likely to be:,If a person is <b>egoistic</b> they are also likely to be:,"""If a person is egoistic they are also likely to be:"",","""If a person is <b>egoistic</b> they are also likely to be:"",","""If a person is <b>egoistic</b> they are also likely to:"","
generous,generous,A person who is generous,0,1,0,0,0,0,0,0,0,0,0,0,0,0,0,0,0,0,0,0,NA,NA,1,NA,NA,NA,NA,NA,NA,NA,NA,NA,NA,NA,NA,NA,NA,NA,1,If a person is generous they are also likely to be:,If a person is <b>generous</b> they are also likely to be:,"""If a person is generous they are also likely to be:"",","""If a person is <b>generous</b> they are also likely to be:"",","""If a person is <b>generous</b> they are also likely to:"","
exploitative,exploitative,A person who is exploitative,0,1,0,0,0,0,0,0,0,0,0,0,0,0,0,0,0,0,0,0,NA,NA,-1,NA,NA,NA,NA,NA,NA,NA,NA,NA,NA,NA,NA,NA,NA,NA,1,If a person is exploitative they are also likely to be:,If a person is <b>exploitative</b> they are also likely to be:,"""If a person is exploitative they are also likely to be:"",","""If a person is <b>exploitative</b> they are also likely to be:"",","""If a person is <b>exploitative</b> they are also likely to:"","
confident,confident,A person who is confident,0,0,1,0,0,0,0,0,0,0,0,0,0,0,0,0,0,0,0,0,NA,NA,NA,1,NA,NA,NA,NA,NA,NA,NA,NA,NA,NA,NA,NA,NA,NA,1,If a person is confident they are also likely to be:,If a person is <b>confident</b> they are also likely to be:,"""If a person is confident they are also likely to be:"",","""If a person is <b>confident</b> they are also likely to be:"",","""If a person is <b>confident</b> they are also likely to:"","
insecure,insecure,A person who is insecure,0,0,1,0,0,0,0,0,0,0,0,0,0,0,0,0,0,0,0,0,NA,NA,NA,-1,NA,NA,NA,NA,NA,NA,NA,NA,NA,NA,NA,NA,NA,NA,1,If a person is insecure they are also likely to be:,If a person is <b>insecure</b> they are also likely to be:,"""If a person is insecure they are also likely to be:"",","""If a person is <b>insecure</b> they are also likely to be:"",","""If a person is <b>insecure</b> they are also likely to:"","
independent,independent,A person who is independent,0,0,1,0,0,0,0,0,0,0,0,0,0,0,0,0,0,0,0,0,NA,NA,NA,1,NA,NA,NA,NA,NA,NA,NA,NA,NA,NA,NA,NA,NA,NA,1,If a person is independent they are also likely to be:,If a person is <b>independent</b> they are also likely to be:,"""If a person is independent they are also likely to be:"",","""If a person is <b>independent</b> they are also likely to be:"",","""If a person is <b>independent</b> they are also likely to:"","
dependent,dependent,A person who is dependent,0,0,1,0,0,0,0,0,0,0,0,0,0,0,0,0,0,0,0,0,NA,NA,NA,-1,NA,NA,NA,NA,NA,NA,NA,NA,NA,NA,NA,NA,NA,NA,1,If a person is dependent they are also likely to be:,If a person is <b>dependent</b> they are also likely to be:,"""If a person is dependent they are also likely to be:"",","""If a person is <b>dependent</b> they are also likely to be:"",","""If a person is <b>dependent</b> they are also likely to:"","
ambitious,ambitious,A person who is ambitious,0,0,1,0,0,0,0,0,0,0,0,0,0,0,0,0,0,0,0,0,NA,NA,NA,1,NA,NA,NA,NA,NA,NA,NA,NA,NA,NA,NA,NA,NA,NA,1,If a person is ambitious they are also likely to be:,If a person is <b>ambitious</b> they are also likely to be:,"""If a person is ambitious they are also likely to be:"",","""If a person is <b>ambitious</b> they are also likely to be:"",","""If a person is <b>ambitious</b> they are also likely to:"","
unambitious,unambitious,A person who is unambitious,0,0,1,0,0,0,0,0,0,0,0,0,0,0,0,0,0,0,0,0,NA,NA,NA,-1,NA,NA,NA,NA,NA,NA,NA,NA,NA,NA,NA,NA,NA,NA,1,If a person is unambitious they are also likely to be:,If a person is <b>unambitious</b> they are also likely to be:,"""If a person is unambitious they are also likely to be:"",","""If a person is <b>unambitious</b> they are also likely to be:"",","""If a person is <b>unambitious</b> they are also likely to:"","
assertive,assertive,A person who is assertive,0,0,1,0,0,0,0,0,0,0,0,0,0,0,0,0,0,0,0,0,NA,NA,NA,1,NA,NA,NA,NA,NA,NA,NA,NA,NA,NA,NA,NA,NA,NA,1,If a person is assertive they are also likely to be:,If a person is <b>assertive</b> they are also likely to be:,"""If a person is assertive they are also likely to be:"",","""If a person is <b>assertive</b> they are also likely to be:"",","""If a person is <b>assertive</b> they are also likely to:"","
unassertive,unassertive,A person who is unassertive,0,0,1,0,0,0,0,0,0,0,0,0,0,0,0,0,0,0,0,0,NA,NA,NA,-1,NA,NA,NA,NA,NA,NA,NA,NA,NA,NA,NA,NA,NA,NA,1,If a person is unassertive they are also likely to be:,If a person is <b>unassertive</b> they are also likely to be:,"""If a person is unassertive they are also likely to be:"",","""If a person is <b>unassertive</b> they are also likely to be:"",","""If a person is <b>unassertive</b> they are also likely to:"","
motivated,motivated,A person who is motivated,0,0,1,0,0,0,0,0,0,0,0,0,0,0,0,0,0,0,0,0,NA,NA,NA,1,NA,NA,NA,NA,NA,NA,NA,NA,NA,NA,NA,NA,NA,NA,1,If a person is motivated they are also likely to be:,If a person is <b>motivated</b> they are also likely to be:,"""If a person is motivated they are also likely to be:"",","""If a person is <b>motivated</b> they are also likely to be:"",","""If a person is <b>motivated</b> they are also likely to:"","
unmotivated,unmotivated,A person who is unmotivated,0,0,1,0,0,0,0,0,0,0,0,0,0,0,0,0,0,0,0,0,NA,NA,NA,-1,NA,NA,NA,NA,NA,NA,NA,NA,NA,NA,NA,NA,NA,NA,1,If a person is unmotivated they are also likely to be:,If a person is <b>unmotivated</b> they are also likely to be:,"""If a person is unmotivated they are also likely to be:"",","""If a person is <b>unmotivated</b> they are also likely to be:"",","""If a person is <b>unmotivated</b> they are also likely to:"","
persistent,persistent,A person who is persistent,0,0,1,0,0,0,0,0,0,0,0,0,0,0,0,0,0,0,0,0,NA,NA,NA,1,NA,NA,NA,NA,NA,NA,NA,NA,NA,NA,NA,NA,NA,NA,1,If a person is persistent they are also likely to be:,If a person is <b>persistent</b> they are also likely to be:,"""If a person is persistent they are also likely to be:"",","""If a person is <b>persistent</b> they are also likely to be:"",","""If a person is <b>persistent</b> they are also likely to:"","
wavering,wavering,A person who is wavering,0,0,1,0,0,0,0,0,0,0,0,0,0,0,0,0,0,0,0,0,NA,NA,NA,-1,NA,NA,NA,NA,NA,NA,NA,NA,NA,NA,NA,NA,NA,NA,1,If a person is wavering they are also likely to be:,If a person is <b>wavering</b> they are also likely to be:,"""If a person is wavering they are also likely to be:"",","""If a person is <b>wavering</b> they are also likely to be:"",","""If a person is <b>wavering</b> they are also likely to:"","
daring,daring,A person who is daring,0,0,1,0,0,0,0,0,0,0,0,0,0,0,0,0,0,0,0,0,NA,NA,NA,1,NA,NA,NA,NA,NA,NA,NA,NA,NA,NA,NA,NA,NA,NA,1,If a person is daring they are also likely to be:,If a person is <b>daring</b> they are also likely to be:,"""If a person is daring they are also likely to be:"",","""If a person is <b>daring</b> they are also likely to be:"",","""If a person is <b>daring</b> they are also likely to:"","
cautious,cautious,A person who is cautious,0,0,1,0,0,0,0,0,0,0,0,0,0,0,0,0,0,0,0,0,NA,NA,NA,-1,NA,NA,NA,NA,NA,NA,NA,NA,NA,NA,NA,NA,NA,NA,1,If a person is cautious they are also likely to be:,If a person is <b>cautious</b> they are also likely to be:,"""If a person is cautious they are also likely to be:"",","""If a person is <b>cautious</b> they are also likely to be:"",","""If a person is <b>cautious</b> they are also likely to:"","
impulsive,impulsive,A person who is impulsive,0,0,1,0,0,0,0,0,0,0,0,0,0,0,0,0,0,0,0,0,NA,NA,NA,1,NA,NA,NA,NA,NA,NA,NA,NA,NA,NA,NA,NA,NA,NA,1,If a person is impulsive they are also likely to be:,If a person is <b>impulsive</b> they are also likely to be:,"""If a person is impulsive they are also likely to be:"",","""If a person is <b>impulsive</b> they are also likely to be:"",","""If a person is <b>impulsive</b> they are also likely to:"","
diffident,diffident,A person who is diffident,0,0,1,0,0,0,0,0,0,0,0,0,0,0,0,0,0,0,0,0,NA,NA,NA,-1,NA,NA,NA,NA,NA,NA,NA,NA,NA,NA,NA,NA,NA,NA,1,If a person is diffident they are also likely to be:,If a person is <b>diffident</b> they are also likely to be:,"""If a person is diffident they are also likely to be:"",","""If a person is <b>diffident</b> they are also likely to be:"",","""If a person is <b>diffident</b> they are also likely to:"","
aggressive,aggressive,A person who is aggressive,0,0,1,0,0,0,0,0,0,0,0,0,0,0,0,0,0,0,0,0,NA,NA,NA,1,NA,NA,NA,NA,NA,NA,NA,NA,NA,NA,NA,NA,NA,NA,1,If a person is aggressive they are also likely to be:,If a person is <b>aggressive</b> they are also likely to be:,"""If a person is aggressive they are also likely to be:"",","""If a person is <b>aggressive</b> they are also likely to be:"",","""If a person is <b>aggressive</b> they are also likely to:"","
docile,docile,A person who is docile,0,0,1,0,0,0,0,0,0,0,0,0,0,0,0,0,0,0,0,0,NA,NA,NA,-1,NA,NA,NA,NA,NA,NA,NA,NA,NA,NA,NA,NA,NA,NA,1,If a person is docile they are also likely to be:,If a person is <b>docile</b> they are also likely to be:,"""If a person is docile they are also likely to be:"",","""If a person is <b>docile</b> they are also likely to be:"",","""If a person is <b>docile</b> they are also likely to:"","
self-reliant,self-reliant,A person who is self-reliant,0,0,1,0,0,0,0,0,0,0,0,0,0,0,0,0,0,0,0,0,NA,NA,NA,1,NA,NA,NA,NA,NA,NA,NA,NA,NA,NA,NA,NA,NA,NA,1,If a person is self-reliant they are also likely to be:,If a person is <b>self-reliant</b> they are also likely to be:,"""If a person is self-reliant they are also likely to be:"",","""If a person is <b>self-reliant</b> they are also likely to be:"",","""If a person is <b>self-reliant</b> they are also likely to:"","
helpless,helpless,A person who is helpless,0,0,1,0,0,0,0,0,0,0,0,0,0,0,0,0,0,0,0,0,NA,NA,NA,-1,NA,NA,NA,NA,NA,NA,NA,NA,NA,NA,NA,NA,NA,NA,1,If a person is helpless they are also likely to be:,If a person is <b>helpless</b> they are also likely to be:,"""If a person is helpless they are also likely to be:"",","""If a person is <b>helpless</b> they are also likely to be:"",","""If a person is <b>helpless</b> they are also likely to:"","
active,active,A person who is active,0,0,1,0,0,0,0,0,0,0,0,0,0,0,0,0,0,0,0,0,NA,NA,NA,1,NA,NA,NA,NA,NA,NA,NA,NA,NA,NA,NA,NA,NA,NA,1,If a person is active they are also likely to be:,If a person is <b>active</b> they are also likely to be:,"""If a person is active they are also likely to be:"",","""If a person is <b>active</b> they are also likely to be:"",","""If a person is <b>active</b> they are also likely to:"","
inactive,inactive,A person who is inactive,0,0,1,0,0,0,0,0,0,0,0,0,0,0,0,0,0,0,0,0,NA,NA,NA,-1,NA,NA,NA,NA,NA,NA,NA,NA,NA,NA,NA,NA,NA,NA,1,If a person is inactive they are also likely to be:,If a person is <b>inactive</b> they are also likely to be:,"""If a person is inactive they are also likely to be:"",","""If a person is <b>inactive</b> they are also likely to be:"",","""If a person is <b>inactive</b> they are also likely to:"","
dedicated,dedicated,A person who is dedicated,0,0,1,0,0,0,0,0,0,0,0,0,0,0,0,0,0,0,0,0,NA,NA,NA,1,NA,NA,NA,NA,NA,NA,NA,NA,NA,NA,NA,NA,NA,NA,1,If a person is dedicated they are also likely to be:,If a person is <b>dedicated</b> they are also likely to be:,"""If a person is dedicated they are also likely to be:"",","""If a person is <b>dedicated</b> they are also likely to be:"",","""If a person is <b>dedicated</b> they are also likely to:"","
lazy,lazy,A person who is lazy,0,0,1,0,0,0,0,0,0,0,0,0,0,0,0,0,0,0,0,0,NA,NA,NA,-1,NA,NA,NA,NA,NA,NA,NA,NA,NA,NA,NA,NA,NA,NA,1,If a person is lazy they are also likely to be:,If a person is <b>lazy</b> they are also likely to be:,"""If a person is lazy they are also likely to be:"",","""If a person is <b>lazy</b> they are also likely to be:"",","""If a person is <b>lazy</b> they are also likely to:"","
determined,determined,A person who is determined,0,0,1,0,0,0,0,0,0,0,0,0,0,0,0,0,0,0,0,0,NA,NA,NA,1,NA,NA,NA,NA,NA,NA,NA,NA,NA,NA,NA,NA,NA,NA,1,If a person is determined they are also likely to be:,If a person is <b>determined</b> they are also likely to be:,"""If a person is determined they are also likely to be:"",","""If a person is <b>determined</b> they are also likely to be:"",","""If a person is <b>determined</b> they are also likely to:"","
undedicated,undedicated,A person who is undedicated,0,0,1,0,0,0,0,0,0,0,0,0,0,0,0,0,0,0,0,0,NA,NA,NA,-1,NA,NA,NA,NA,NA,NA,NA,NA,NA,NA,NA,NA,NA,NA,1,If a person is undedicated they are also likely to be:,If a person is <b>undedicated</b> they are also likely to be:,"""If a person is undedicated they are also likely to be:"",","""If a person is <b>undedicated</b> they are also likely to be:"",","""If a person is <b>undedicated</b> they are also likely to:"","
resolute,resolute,A person who is resolute,0,0,1,0,0,0,0,0,0,0,0,0,0,0,0,0,0,0,0,0,NA,NA,NA,1,NA,NA,NA,NA,NA,NA,NA,NA,NA,NA,NA,NA,NA,NA,1,If a person is resolute they are also likely to be:,If a person is <b>resolute</b> they are also likely to be:,"""If a person is resolute they are also likely to be:"",","""If a person is <b>resolute</b> they are also likely to be:"",","""If a person is <b>resolute</b> they are also likely to:"","
lethargic,lethargic,A person who is lethargic,0,0,1,0,0,0,0,0,0,0,0,0,0,0,0,0,0,0,0,0,NA,NA,NA,-1,NA,NA,NA,NA,NA,NA,NA,NA,NA,NA,NA,NA,NA,NA,1,If a person is lethargic they are also likely to be:,If a person is <b>lethargic</b> they are also likely to be:,"""If a person is lethargic they are also likely to be:"",","""If a person is <b>lethargic</b> they are also likely to be:"",","""If a person is <b>lethargic</b> they are also likely to:"","
energetic,energetic,A person who is energetic,0,0,1,0,0,0,0,0,0,0,0,0,0,0,0,0,0,0,0,0,NA,NA,NA,1,NA,NA,NA,NA,NA,NA,NA,NA,NA,NA,NA,NA,NA,NA,1,If a person is energetic they are also likely to be:,If a person is <b>energetic</b> they are also likely to be:,"""If a person is energetic they are also likely to be:"",","""If a person is <b>energetic</b> they are also likely to be:"",","""If a person is <b>energetic</b> they are also likely to:"","
meek,meek,A person who is meek,0,0,1,0,0,0,0,0,0,0,0,0,0,0,0,0,0,0,0,0,NA,NA,NA,-1,NA,NA,NA,NA,NA,NA,NA,NA,NA,NA,NA,NA,NA,NA,1,If a person is meek they are also likely to be:,If a person is <b>meek</b> they are also likely to be:,"""If a person is meek they are also likely to be:"",","""If a person is <b>meek</b> they are also likely to be:"",","""If a person is <b>meek</b> they are also likely to:"","
resilient,resilient,A person who is resilient,0,0,1,0,0,0,0,0,0,0,0,0,0,0,0,0,0,0,0,0,NA,NA,NA,1,NA,NA,NA,NA,NA,NA,NA,NA,NA,NA,NA,NA,NA,NA,1,If a person is resilient they are also likely to be:,If a person is <b>resilient</b> they are also likely to be:,"""If a person is resilient they are also likely to be:"",","""If a person is <b>resilient</b> they are also likely to be:"",","""If a person is <b>resilient</b> they are also likely to:"","
nonresilient,nonresilient,A person who is nonresilient,0,0,1,0,0,0,0,0,0,0,0,0,0,0,0,0,0,0,0,0,NA,NA,NA,-1,NA,NA,NA,NA,NA,NA,NA,NA,NA,NA,NA,NA,NA,NA,1,If a person is nonresilient they are also likely to be:,If a person is <b>nonresilient</b> they are also likely to be:,"""If a person is nonresilient they are also likely to be:"",","""If a person is <b>nonresilient</b> they are also likely to be:"",","""If a person is <b>nonresilient</b> they are also likely to:"","
self-confident,self-confident,A person who is self-confident,0,0,1,0,0,0,0,0,0,0,0,0,0,0,0,0,0,0,0,0,NA,NA,NA,1,NA,NA,NA,NA,NA,NA,NA,NA,NA,NA,NA,NA,NA,NA,1,If a person is self-confident they are also likely to be:,If a person is <b>self-confident</b> they are also likely to be:,"""If a person is self-confident they are also likely to be:"",","""If a person is <b>self-confident</b> they are also likely to be:"",","""If a person is <b>self-confident</b> they are also likely to:"","
spiritless,spiritless,A person who is spiritless,0,0,1,0,0,0,0,0,0,0,0,0,0,0,0,0,0,0,0,0,NA,NA,NA,-1,NA,NA,NA,NA,NA,NA,NA,NA,NA,NA,NA,NA,NA,NA,1,If a person is spiritless they are also likely to be:,If a person is <b>spiritless</b> they are also likely to be:,"""If a person is spiritless they are also likely to be:"",","""If a person is <b>spiritless</b> they are also likely to be:"",","""If a person is <b>spiritless</b> they are also likely to:"","
secure,secure,A person who is secure,0,0,1,0,0,0,0,0,0,0,0,0,0,0,0,0,0,0,0,0,NA,NA,NA,1,NA,NA,NA,NA,NA,NA,NA,NA,NA,NA,NA,NA,NA,NA,1,If a person is secure they are also likely to be:,If a person is <b>secure</b> they are also likely to be:,"""If a person is secure they are also likely to be:"",","""If a person is <b>secure</b> they are also likely to be:"",","""If a person is <b>secure</b> they are also likely to:"","
unconfident,unconfident,A person who is unconfident,0,0,1,0,0,0,0,0,0,0,0,0,0,0,0,0,0,0,0,0,NA,NA,NA,-1,NA,NA,NA,NA,NA,NA,NA,NA,NA,NA,NA,NA,NA,NA,1,If a person is unconfident they are also likely to be:,If a person is <b>unconfident</b> they are also likely to be:,"""If a person is unconfident they are also likely to be:"",","""If a person is <b>unconfident</b> they are also likely to be:"",","""If a person is <b>unconfident</b> they are also likely to:"","
conscientious,conscientious,A person who is conscientious,0,0,1,0,0,0,0,0,0,0,0,0,0,0,0,0,0,0,0,0,NA,NA,NA,1,NA,NA,NA,NA,NA,NA,NA,NA,NA,NA,NA,NA,NA,NA,1,If a person is conscientious they are also likely to be:,If a person is <b>conscientious</b> they are also likely to be:,"""If a person is conscientious they are also likely to be:"",","""If a person is <b>conscientious</b> they are also likely to be:"",","""If a person is <b>conscientious</b> they are also likely to:"","
unenterprising,unenterprising,A person who is unenterprising,0,0,1,0,0,0,0,0,0,0,0,0,0,0,0,0,0,0,0,0,NA,NA,NA,-1,NA,NA,NA,NA,NA,NA,NA,NA,NA,NA,NA,NA,NA,NA,1,If a person is unenterprising they are also likely to be:,If a person is <b>unenterprising</b> they are also likely to be:,"""If a person is unenterprising they are also likely to be:"",","""If a person is <b>unenterprising</b> they are also likely to be:"",","""If a person is <b>unenterprising</b> they are also likely to:"","
able,able,A person who is able,0,0,0,1,0,0,0,0,0,0,0,0,0,0,0,0,0,0,0,0,NA,NA,NA,NA,1,NA,NA,NA,NA,NA,NA,NA,NA,NA,NA,NA,NA,NA,1,If a person is able they are also likely to be:,If a person is <b>able</b> they are also likely to be:,"""If a person is able they are also likely to be:"",","""If a person is <b>able</b> they are also likely to be:"",","""If a person is <b>able</b> they are also likely to:"","
unable,unable,A person who is unable,0,0,0,1,0,0,0,0,0,0,0,0,0,0,0,0,0,0,0,0,NA,NA,NA,NA,-1,NA,NA,NA,NA,NA,NA,NA,NA,NA,NA,NA,NA,NA,1,If a person is unable they are also likely to be:,If a person is <b>unable</b> they are also likely to be:,"""If a person is unable they are also likely to be:"",","""If a person is <b>unable</b> they are also likely to be:"",","""If a person is <b>unable</b> they are also likely to:"","
bright,bright,A person who is bright,0,0,0,1,0,0,0,0,0,0,0,0,0,0,0,0,0,0,0,0,NA,NA,NA,NA,1,NA,NA,NA,NA,NA,NA,NA,NA,NA,NA,NA,NA,NA,1,If a person is bright they are also likely to be:,If a person is <b>bright</b> they are also likely to be:,"""If a person is bright they are also likely to be:"",","""If a person is <b>bright</b> they are also likely to be:"",","""If a person is <b>bright</b> they are also likely to:"","
dumb,dumb,A person who is dumb,0,0,0,1,0,0,0,0,0,0,0,0,0,0,0,0,0,0,0,0,NA,NA,NA,NA,-1,NA,NA,NA,NA,NA,NA,NA,NA,NA,NA,NA,NA,NA,1,If a person is dumb they are also likely to be:,If a person is <b>dumb</b> they are also likely to be:,"""If a person is dumb they are also likely to be:"",","""If a person is <b>dumb</b> they are also likely to be:"",","""If a person is <b>dumb</b> they are also likely to:"","
brilliant,brilliant,A person who is brilliant,0,0,0,1,0,0,0,0,0,0,0,0,0,0,0,0,0,0,0,0,NA,NA,NA,NA,1,NA,NA,NA,NA,NA,NA,NA,NA,NA,NA,NA,NA,NA,1,If a person is brilliant they are also likely to be:,If a person is <b>brilliant</b> they are also likely to be:,"""If a person is brilliant they are also likely to be:"",","""If a person is <b>brilliant</b> they are also likely to be:"",","""If a person is <b>brilliant</b> they are also likely to:"","
foolish,foolish,A person who is foolish,0,0,0,1,0,0,0,0,0,0,0,0,0,0,0,0,0,0,0,0,NA,NA,NA,NA,-1,NA,NA,NA,NA,NA,NA,NA,NA,NA,NA,NA,NA,NA,1,If a person is foolish they are also likely to be:,If a person is <b>foolish</b> they are also likely to be:,"""If a person is foolish they are also likely to be:"",","""If a person is <b>foolish</b> they are also likely to be:"",","""If a person is <b>foolish</b> they are also likely to:"","
capable,capable,A person who is capable,0,0,0,1,0,0,0,0,0,0,0,0,0,0,0,0,0,0,0,0,NA,NA,NA,NA,1,NA,NA,NA,NA,NA,NA,NA,NA,NA,NA,NA,NA,NA,1,If a person is capable they are also likely to be:,If a person is <b>capable</b> they are also likely to be:,"""If a person is capable they are also likely to be:"",","""If a person is <b>capable</b> they are also likely to be:"",","""If a person is <b>capable</b> they are also likely to:"","
incapable,incapable,A person who is incapable,0,0,0,1,0,0,0,0,0,0,0,0,0,0,0,0,0,0,0,0,NA,NA,NA,NA,-1,NA,NA,NA,NA,NA,NA,NA,NA,NA,NA,NA,NA,NA,1,If a person is incapable they are also likely to be:,If a person is <b>incapable</b> they are also likely to be:,"""If a person is incapable they are also likely to be:"",","""If a person is <b>incapable</b> they are also likely to be:"",","""If a person is <b>incapable</b> they are also likely to:"","
clever,clever,A person who is clever,0,0,0,1,0,0,0,0,0,0,0,0,0,0,0,0,0,0,0,0,NA,NA,NA,NA,1,NA,NA,NA,NA,NA,NA,NA,NA,NA,NA,NA,NA,NA,1,If a person is clever they are also likely to be:,If a person is <b>clever</b> they are also likely to be:,"""If a person is clever they are also likely to be:"",","""If a person is <b>clever</b> they are also likely to be:"",","""If a person is <b>clever</b> they are also likely to:"","
ignorant,ignorant,A person who is ignorant,0,0,0,1,0,0,0,0,0,0,0,0,0,0,0,0,0,0,0,0,NA,NA,NA,NA,-1,NA,NA,NA,NA,NA,NA,NA,NA,NA,NA,NA,NA,NA,1,If a person is ignorant they are also likely to be:,If a person is <b>ignorant</b> they are also likely to be:,"""If a person is ignorant they are also likely to be:"",","""If a person is <b>ignorant</b> they are also likely to be:"",","""If a person is <b>ignorant</b> they are also likely to:"","
competent,competent,A person who is competent,0,0,0,1,0,0,0,0,0,0,0,0,0,0,0,0,0,0,0,0,NA,NA,NA,NA,1,NA,NA,NA,NA,NA,NA,NA,NA,NA,NA,NA,NA,NA,1,If a person is competent they are also likely to be:,If a person is <b>competent</b> they are also likely to be:,"""If a person is competent they are also likely to be:"",","""If a person is <b>competent</b> they are also likely to be:"",","""If a person is <b>competent</b> they are also likely to:"","
incompetent,incompetent,A person who is incompetent,0,0,0,1,0,0,0,0,0,0,0,0,0,0,0,0,0,0,0,0,NA,NA,NA,NA,-1,NA,NA,NA,NA,NA,NA,NA,NA,NA,NA,NA,NA,NA,1,If a person is incompetent they are also likely to be:,If a person is <b>incompetent</b> they are also likely to be:,"""If a person is incompetent they are also likely to be:"",","""If a person is <b>incompetent</b> they are also likely to be:"",","""If a person is <b>incompetent</b> they are also likely to:"","
educated,educated,A person who is educated,0,0,0,1,0,0,0,0,0,0,0,0,0,0,0,0,0,0,0,0,NA,NA,NA,NA,1,NA,NA,NA,NA,NA,NA,NA,NA,NA,NA,NA,NA,NA,1,If a person is educated they are also likely to be:,If a person is <b>educated</b> they are also likely to be:,"""If a person is educated they are also likely to be:"",","""If a person is <b>educated</b> they are also likely to be:"",","""If a person is <b>educated</b> they are also likely to:"","
uneducated,uneducated,A person who is uneducated,0,0,0,1,0,0,0,0,0,0,0,0,0,0,0,0,0,0,0,0,NA,NA,NA,NA,-1,NA,NA,NA,NA,NA,NA,NA,NA,NA,NA,NA,NA,NA,1,If a person is uneducated they are also likely to be:,If a person is <b>uneducated</b> they are also likely to be:,"""If a person is uneducated they are also likely to be:"",","""If a person is <b>uneducated</b> they are also likely to be:"",","""If a person is <b>uneducated</b> they are also likely to:"","
creative,creative,A person who is creative,0,0,0,1,0,0,0,0,0,0,0,0,0,0,0,0,0,0,0,0,NA,NA,NA,NA,1,NA,NA,NA,NA,NA,NA,NA,NA,NA,NA,NA,NA,NA,1,If a person is creative they are also likely to be:,If a person is <b>creative</b> they are also likely to be:,"""If a person is creative they are also likely to be:"",","""If a person is <b>creative</b> they are also likely to be:"",","""If a person is <b>creative</b> they are also likely to:"","
uncreative,uncreative,A person who is uncreative,0,0,0,1,0,0,0,0,0,0,0,0,0,0,0,0,0,0,0,0,NA,NA,NA,NA,-1,NA,NA,NA,NA,NA,NA,NA,NA,NA,NA,NA,NA,NA,1,If a person is uncreative they are also likely to be:,If a person is <b>uncreative</b> they are also likely to be:,"""If a person is uncreative they are also likely to be:"",","""If a person is <b>uncreative</b> they are also likely to be:"",","""If a person is <b>uncreative</b> they are also likely to:"","
intelligent,intelligent,A person who is intelligent,0,0,0,1,0,0,0,0,0,0,0,0,0,0,0,0,0,0,0,0,NA,NA,NA,NA,1,NA,NA,NA,NA,NA,NA,NA,NA,NA,NA,NA,NA,NA,1,If a person is intelligent they are also likely to be:,If a person is <b>intelligent</b> they are also likely to be:,"""If a person is intelligent they are also likely to be:"",","""If a person is <b>intelligent</b> they are also likely to be:"",","""If a person is <b>intelligent</b> they are also likely to:"","
unintelligent,unintelligent,A person who is unintelligent,0,0,0,1,0,0,0,0,0,0,0,0,0,0,0,0,0,0,0,0,NA,NA,NA,NA,-1,NA,NA,NA,NA,NA,NA,NA,NA,NA,NA,NA,NA,NA,1,If a person is unintelligent they are also likely to be:,If a person is <b>unintelligent</b> they are also likely to be:,"""If a person is unintelligent they are also likely to be:"",","""If a person is <b>unintelligent</b> they are also likely to be:"",","""If a person is <b>unintelligent</b> they are also likely to:"","
smart,smart,A person who is smart,0,0,0,1,0,0,0,0,0,0,0,0,0,0,0,0,0,0,0,0,NA,NA,NA,NA,1,NA,NA,NA,NA,NA,NA,NA,NA,NA,NA,NA,NA,NA,1,If a person is smart they are also likely to be:,If a person is <b>smart</b> they are also likely to be:,"""If a person is smart they are also likely to be:"",","""If a person is <b>smart</b> they are also likely to be:"",","""If a person is <b>smart</b> they are also likely to:"","
stupid,stupid,A person who is stupid,0,0,0,1,0,0,0,0,0,0,0,0,0,0,0,0,0,0,0,0,NA,NA,NA,NA,-1,NA,NA,NA,NA,NA,NA,NA,NA,NA,NA,NA,NA,NA,1,If a person is stupid they are also likely to be:,If a person is <b>stupid</b> they are also likely to be:,"""If a person is stupid they are also likely to be:"",","""If a person is <b>stupid</b> they are also likely to be:"",","""If a person is <b>stupid</b> they are also likely to:"","
wise,wise,A person who is wise,0,0,0,1,0,0,0,0,0,0,0,0,0,0,0,0,0,0,0,0,NA,NA,NA,NA,1,NA,NA,NA,NA,NA,NA,NA,NA,NA,NA,NA,NA,NA,1,If a person is wise they are also likely to be:,If a person is <b>wise</b> they are also likely to be:,"""If a person is wise they are also likely to be:"",","""If a person is <b>wise</b> they are also likely to be:"",","""If a person is <b>wise</b> they are also likely to:"","
unwise,unwise,A person who is unwise,0,0,0,1,0,0,0,0,0,0,0,0,0,0,0,0,0,0,0,0,NA,NA,NA,NA,-1,NA,NA,NA,NA,NA,NA,NA,NA,NA,NA,NA,NA,NA,1,If a person is unwise they are also likely to be:,If a person is <b>unwise</b> they are also likely to be:,"""If a person is unwise they are also likely to be:"",","""If a person is <b>unwise</b> they are also likely to be:"",","""If a person is <b>unwise</b> they are also likely to:"","
skilled,skilled,A person who is skilled,0,0,0,1,0,0,0,0,0,0,0,0,0,0,0,0,0,0,0,0,NA,NA,NA,NA,1,NA,NA,NA,NA,NA,NA,NA,NA,NA,NA,NA,NA,NA,1,If a person is skilled they are also likely to be:,If a person is <b>skilled</b> they are also likely to be:,"""If a person is skilled they are also likely to be:"",","""If a person is <b>skilled</b> they are also likely to be:"",","""If a person is <b>skilled</b> they are also likely to:"","
inept,inept,A person who is inept,0,0,0,1,0,0,0,0,0,0,0,0,0,0,0,0,0,0,0,0,NA,NA,NA,NA,-1,NA,NA,NA,NA,NA,NA,NA,NA,NA,NA,NA,NA,NA,1,If a person is inept they are also likely to be:,If a person is <b>inept</b> they are also likely to be:,"""If a person is inept they are also likely to be:"",","""If a person is <b>inept</b> they are also likely to be:"",","""If a person is <b>inept</b> they are also likely to:"","
effective,effective,A person who is effective,0,0,0,1,0,0,0,0,0,0,0,0,0,0,0,0,0,0,0,0,NA,NA,NA,NA,1,NA,NA,NA,NA,NA,NA,NA,NA,NA,NA,NA,NA,NA,1,If a person is effective they are also likely to be:,If a person is <b>effective</b> they are also likely to be:,"""If a person is effective they are also likely to be:"",","""If a person is <b>effective</b> they are also likely to be:"",","""If a person is <b>effective</b> they are also likely to:"","
ineffective,ineffective,A person who is ineffective,0,0,0,1,0,0,0,0,0,0,0,0,0,0,0,0,0,0,0,0,NA,NA,NA,NA,-1,NA,NA,NA,NA,NA,NA,NA,NA,NA,NA,NA,NA,NA,1,If a person is ineffective they are also likely to be:,If a person is <b>ineffective</b> they are also likely to be:,"""If a person is ineffective they are also likely to be:"",","""If a person is <b>ineffective</b> they are also likely to be:"",","""If a person is <b>ineffective</b> they are also likely to:"","
efficient,efficient,A person who is efficient,0,0,0,1,0,0,0,0,0,0,0,0,0,0,0,0,0,0,0,0,NA,NA,NA,NA,1,NA,NA,NA,NA,NA,NA,NA,NA,NA,NA,NA,NA,NA,1,If a person is efficient they are also likely to be:,If a person is <b>efficient</b> they are also likely to be:,"""If a person is efficient they are also likely to be:"",","""If a person is <b>efficient</b> they are also likely to be:"",","""If a person is <b>efficient</b> they are also likely to:"","
inefficient,inefficient,A person who is inefficient,0,0,0,1,0,0,0,0,0,0,0,0,0,0,0,0,0,0,0,0,NA,NA,NA,NA,-1,NA,NA,NA,NA,NA,NA,NA,NA,NA,NA,NA,NA,NA,1,If a person is inefficient they are also likely to be:,If a person is <b>inefficient</b> they are also likely to be:,"""If a person is inefficient they are also likely to be:"",","""If a person is <b>inefficient</b> they are also likely to be:"",","""If a person is <b>inefficient</b> they are also likely to:"","
imaginative,imaginative,A person who is imaginative,0,0,0,1,0,0,0,0,0,0,0,0,0,0,0,0,0,0,0,0,NA,NA,NA,NA,1,NA,NA,NA,NA,NA,NA,NA,NA,NA,NA,NA,NA,NA,1,If a person is imaginative they are also likely to be:,If a person is <b>imaginative</b> they are also likely to be:,"""If a person is imaginative they are also likely to be:"",","""If a person is <b>imaginative</b> they are also likely to be:"",","""If a person is <b>imaginative</b> they are also likely to:"","
unimaginative,unimaginative,A person who is unimaginative,0,0,0,1,0,0,0,0,0,0,0,0,0,0,0,0,0,0,0,0,NA,NA,NA,NA,-1,NA,NA,NA,NA,NA,NA,NA,NA,NA,NA,NA,NA,NA,1,If a person is unimaginative they are also likely to be:,If a person is <b>unimaginative</b> they are also likely to be:,"""If a person is unimaginative they are also likely to be:"",","""If a person is <b>unimaginative</b> they are also likely to be:"",","""If a person is <b>unimaginative</b> they are also likely to:"","
insightful,insightful,A person who is insightful,0,0,0,1,0,0,0,0,0,0,0,0,0,0,0,0,0,0,0,0,NA,NA,NA,NA,1,NA,NA,NA,NA,NA,NA,NA,NA,NA,NA,NA,NA,NA,1,If a person is insightful they are also likely to be:,If a person is <b>insightful</b> they are also likely to be:,"""If a person is insightful they are also likely to be:"",","""If a person is <b>insightful</b> they are also likely to be:"",","""If a person is <b>insightful</b> they are also likely to:"","
naive,naive,A person who is naive,0,0,0,1,0,0,0,0,0,0,0,0,0,0,0,0,0,0,0,0,NA,NA,NA,NA,-1,NA,NA,NA,NA,NA,NA,NA,NA,NA,NA,NA,NA,NA,1,If a person is naive they are also likely to be:,If a person is <b>naive</b> they are also likely to be:,"""If a person is naive they are also likely to be:"",","""If a person is <b>naive</b> they are also likely to be:"",","""If a person is <b>naive</b> they are also likely to:"","
rational,rational,A person who is rational,0,0,0,1,0,0,0,0,0,0,0,0,0,0,0,0,0,0,0,0,NA,NA,NA,NA,1,NA,NA,NA,NA,NA,NA,NA,NA,NA,NA,NA,NA,NA,1,If a person is rational they are also likely to be:,If a person is <b>rational</b> they are also likely to be:,"""If a person is rational they are also likely to be:"",","""If a person is <b>rational</b> they are also likely to be:"",","""If a person is <b>rational</b> they are also likely to:"","
irrational,irrational,A person who is irrational,0,0,0,1,0,0,0,0,0,0,0,0,0,0,0,0,0,0,0,0,NA,NA,NA,NA,-1,NA,NA,NA,NA,NA,NA,NA,NA,NA,NA,NA,NA,NA,1,If a person is irrational they are also likely to be:,If a person is <b>irrational</b> they are also likely to be:,"""If a person is irrational they are also likely to be:"",","""If a person is <b>irrational</b> they are also likely to be:"",","""If a person is <b>irrational</b> they are also likely to:"","
skillful,skillful,A person who is skillful,0,0,0,1,0,0,0,0,0,0,0,0,0,0,0,0,0,0,0,0,NA,NA,NA,NA,1,NA,NA,NA,NA,NA,NA,NA,NA,NA,NA,NA,NA,NA,1,If a person is skillful they are also likely to be:,If a person is <b>skillful</b> they are also likely to be:,"""If a person is skillful they are also likely to be:"",","""If a person is <b>skillful</b> they are also likely to be:"",","""If a person is <b>skillful</b> they are also likely to:"","
clumsy,clumsy,A person who is clumsy,0,0,0,1,0,0,0,0,0,0,0,0,0,0,0,0,0,0,0,0,NA,NA,NA,NA,-1,NA,NA,NA,NA,NA,NA,NA,NA,NA,NA,NA,NA,NA,1,If a person is clumsy they are also likely to be:,If a person is <b>clumsy</b> they are also likely to be:,"""If a person is clumsy they are also likely to be:"",","""If a person is <b>clumsy</b> they are also likely to be:"",","""If a person is <b>clumsy</b> they are also likely to:"","
logical,logical,A person who is logical,0,0,0,1,0,0,0,0,0,0,0,0,0,0,0,0,0,0,0,0,NA,NA,NA,NA,1,NA,NA,NA,NA,NA,NA,NA,NA,NA,NA,NA,NA,NA,1,If a person is logical they are also likely to be:,If a person is <b>logical</b> they are also likely to be:,"""If a person is logical they are also likely to be:"",","""If a person is <b>logical</b> they are also likely to be:"",","""If a person is <b>logical</b> they are also likely to:"","
illogical,illogical,A person who is illogical,0,0,0,1,0,0,0,0,0,0,0,0,0,0,0,0,0,0,0,0,NA,NA,NA,NA,-1,NA,NA,NA,NA,NA,NA,NA,NA,NA,NA,NA,NA,NA,1,If a person is illogical they are also likely to be:,If a person is <b>illogical</b> they are also likely to be:,"""If a person is illogical they are also likely to be:"",","""If a person is <b>illogical</b> they are also likely to be:"",","""If a person is <b>illogical</b> they are also likely to:"","
believer,a believer,A person who is a believer,0,0,0,0,1,0,0,0,0,0,0,0,0,0,0,0,0,0,0,0,NA,NA,NA,NA,NA,1,NA,NA,NA,NA,NA,NA,NA,NA,NA,NA,NA,NA,1,If a person is a believer they are also likely to be:,If a person is <b>a believer</b> they are also likely to be:,"""If a person is a believer they are also likely to be:"",","""If a person is <b>a believer</b> they are also likely to be:"",","""If a person is <b>a liever</b> they are also likely to:"","
christian,a christian,A person who is a christian,0,0,0,0,1,0,0,0,0,0,0,0,0,0,0,0,0,0,0,0,NA,NA,NA,NA,NA,1,NA,NA,NA,NA,NA,NA,NA,NA,NA,NA,NA,NA,1,If a person is a christian they are also likely to be:,If a person is <b>a christian</b> they are also likely to be:,"""If a person is a christian they are also likely to be:"",","""If a person is <b>a christian</b> they are also likely to be:"",","""If a person is <b>a christian</b> they are also likely to:"","
hindu,hindu,A person who is hindu,0,0,0,0,1,0,0,0,0,0,0,0,0,0,0,0,0,0,0,0,NA,NA,NA,NA,NA,1,NA,NA,NA,NA,NA,NA,NA,NA,NA,NA,NA,NA,1,If a person is hindu they are also likely to be:,If a person is <b>hindu</b> they are also likely to be:,"""If a person is hindu they are also likely to be:"",","""If a person is <b>hindu</b> they are also likely to be:"",","""If a person is <b>hindu</b> they are also likely to:"","
jewish,jewish,A person who is jewish,0,0,0,0,1,0,0,0,0,0,0,0,0,0,0,0,0,0,0,0,NA,NA,NA,NA,NA,1,NA,NA,NA,NA,NA,NA,NA,NA,NA,NA,NA,NA,1,If a person is jewish they are also likely to be:,If a person is <b>jewish</b> they are also likely to be:,"""If a person is jewish they are also likely to be:"",","""If a person is <b>jewish</b> they are also likely to be:"",","""If a person is <b>jewish</b> they are also likely to:"","
muslim,muslim,A person who is muslim,0,0,0,0,1,0,0,0,0,0,0,0,0,0,0,0,0,0,0,0,NA,NA,NA,NA,NA,1,NA,NA,NA,NA,NA,NA,NA,NA,NA,NA,NA,NA,1,If a person is muslim they are also likely to be:,If a person is <b>muslim</b> they are also likely to be:,"""If a person is muslim they are also likely to be:"",","""If a person is <b>muslim</b> they are also likely to be:"",","""If a person is <b>muslim</b> they are also likely to:"","
religious,religious,A person who is religious,0,0,0,0,1,0,0,0,0,0,0,0,0,0,0,0,0,0,0,0,NA,NA,NA,NA,NA,1,NA,NA,NA,NA,NA,NA,NA,NA,NA,NA,NA,NA,1,If a person is religious they are also likely to be:,If a person is <b>religious</b> they are also likely to be:,"""If a person is religious they are also likely to be:"",","""If a person is <b>religious</b> they are also likely to be:"",","""If a person is <b>religious</b> they are also likely to:"","
agnostic,agnostic,A person who is agnostic,0,0,0,0,1,0,0,0,0,0,0,0,0,0,0,0,0,0,0,0,NA,NA,NA,NA,NA,-1,NA,NA,NA,NA,NA,NA,NA,NA,NA,NA,NA,NA,1,If a person is agnostic they are also likely to be:,If a person is <b>agnostic</b> they are also likely to be:,"""If a person is agnostic they are also likely to be:"",","""If a person is <b>agnostic</b> they are also likely to be:"",","""If a person is <b>agnostic</b> they are also likely to:"","
atheist,an atheist,A person who is an atheist,0,0,0,0,1,0,0,0,0,0,0,0,0,0,0,0,0,0,0,0,NA,NA,NA,NA,NA,-1,NA,NA,NA,NA,NA,NA,NA,NA,NA,NA,NA,NA,1,If a person is an atheist they are also likely to be:,If a person is <b>an atheist</b> they are also likely to be:,"""If a person is an atheist they are also likely to be:"",","""If a person is <b>an atheist</b> they are also likely to be:"",","""If a person is <b>an atheist</b> they are also likely to:"","
irreligious,irreligious,A person who is irreligious,0,0,0,0,1,0,0,0,0,0,0,0,0,0,0,0,0,0,0,0,NA,NA,NA,NA,NA,-1,NA,NA,NA,NA,NA,NA,NA,NA,NA,NA,NA,NA,1,If a person is irreligious they are also likely to be:,If a person is <b>irreligious</b> they are also likely to be:,"""If a person is irreligious they are also likely to be:"",","""If a person is <b>irreligious</b> they are also likely to be:"",","""If a person is <b>irreligious</b> they are also likely to:"","
nonbeliever,a nonbeliever,A person who is a nonbeliever,0,0,0,0,1,0,0,0,0,0,0,0,0,0,0,0,0,0,0,0,NA,NA,NA,NA,NA,-1,NA,NA,NA,NA,NA,NA,NA,NA,NA,NA,NA,NA,1,If a person is a nonbeliever they are also likely to be:,If a person is <b>a nonbeliever</b> they are also likely to be:,"""If a person is a nonbeliever they are also likely to be:"",","""If a person is <b>a nonbeliever</b> they are also likely to be:"",","""If a person is <b>a nonbeliever</b> they are also likely to:"","
secular,secular,A person who is secular,0,0,0,0,1,0,0,0,0,0,0,0,0,0,0,0,0,0,0,0,NA,NA,NA,NA,NA,-1,NA,NA,NA,NA,NA,NA,NA,NA,NA,NA,NA,NA,1,If a person is secular they are also likely to be:,If a person is <b>secular</b> they are also likely to be:,"""If a person is secular they are also likely to be:"",","""If a person is <b>secular</b> they are also likely to be:"",","""If a person is <b>secular</b> they are also likely to:"","
religious skeptic,a religious skeptic,A person who is a religious skeptic,0,0,0,0,1,0,0,0,0,0,0,0,0,0,0,0,0,0,0,0,NA,NA,NA,NA,NA,-1,NA,NA,NA,NA,NA,NA,NA,NA,NA,NA,NA,NA,1,If a person is a religious skeptic they are also likely to be:,If a person is <b>a religious skeptic</b> they are also likely to be:,"""If a person is a religious skeptic they are also likely to be:"",","""If a person is <b>a religious skeptic</b> they are also likely to be:"",","""If a person is <b>a religious skeptic</b> they are also likely to:"","
conservative,a conservative,A person who is a conservative,0,0,0,0,1,0,0,0,0,0,0,0,0,0,0,0,0,0,0,0,NA,NA,NA,NA,NA,1,NA,NA,NA,NA,NA,NA,NA,NA,NA,NA,NA,NA,1,If a person is a conservative they are also likely to be:,If a person is <b>a conservative</b> they are also likely to be:,"""If a person is a conservative they are also likely to be:"",","""If a person is <b>a conservative</b> they are also likely to be:"",","""If a person is <b>a conservative</b> they are also likely to:"","
republican,a republican,A person who is a republican,0,0,0,0,1,0,0,0,0,0,0,0,0,0,0,0,0,0,0,0,NA,NA,NA,NA,NA,1,NA,NA,NA,NA,NA,NA,NA,NA,NA,NA,NA,NA,1,If a person is a republican they are also likely to be:,If a person is <b>a republican</b> they are also likely to be:,"""If a person is a republican they are also likely to be:"",","""If a person is <b>a republican</b> they are also likely to be:"",","""If a person is <b>a republican</b> they are also likely to:"","
right-wing,right-wing,A person who is right-wing,0,0,0,0,1,0,0,0,0,0,0,0,0,0,0,0,0,0,0,0,NA,NA,NA,NA,NA,1,NA,NA,NA,NA,NA,NA,NA,NA,NA,NA,NA,NA,1,If a person is right-wing they are also likely to be:,If a person is <b>right-wing</b> they are also likely to be:,"""If a person is right-wing they are also likely to be:"",","""If a person is <b>right-wing</b> they are also likely to be:"",","""If a person is <b>right-wing</b> they are also likely to:"","
traditional,traditional,A person who is traditional,0,0,0,0,1,0,0,0,0,0,0,0,0,0,0,0,0,0,0,0,NA,NA,NA,NA,NA,1,NA,NA,NA,NA,NA,NA,NA,NA,NA,NA,NA,NA,1,If a person is traditional they are also likely to be:,If a person is <b>traditional</b> they are also likely to be:,"""If a person is traditional they are also likely to be:"",","""If a person is <b>traditional</b> they are also likely to be:"",","""If a person is <b>traditional</b> they are also likely to:"","
democrat,a democrat,A person who is a democrat,0,0,0,0,1,0,0,0,0,0,0,0,0,0,0,0,0,0,0,0,NA,NA,NA,NA,NA,-1,NA,NA,NA,NA,NA,NA,NA,NA,NA,NA,NA,NA,1,If a person is a democrat they are also likely to be:,If a person is <b>a democrat</b> they are also likely to be:,"""If a person is a democrat they are also likely to be:"",","""If a person is <b>a democrat</b> they are also likely to be:"",","""If a person is <b>a democrat</b> they are also likely to:"","
left-wing,left-wing,A person who is left-wing,0,0,0,0,1,0,0,0,0,0,0,0,0,0,0,0,0,0,0,0,NA,NA,NA,NA,NA,-1,NA,NA,NA,NA,NA,NA,NA,NA,NA,NA,NA,NA,1,If a person is left-wing they are also likely to be:,If a person is <b>left-wing</b> they are also likely to be:,"""If a person is left-wing they are also likely to be:"",","""If a person is <b>left-wing</b> they are also likely to be:"",","""If a person is <b>left-wing</b> they are also likely to:"","
liberal,a liberal,A person who is a liberal,0,0,0,0,1,0,0,0,0,0,0,0,0,0,0,0,0,0,0,0,NA,NA,NA,NA,NA,-1,NA,NA,NA,NA,NA,NA,NA,NA,NA,NA,NA,NA,1,If a person is a liberal they are also likely to be:,If a person is <b>a liberal</b> they are also likely to be:,"""If a person is a liberal they are also likely to be:"",","""If a person is <b>a liberal</b> they are also likely to be:"",","""If a person is <b>a liberal</b> they are also likely to:"","
progressive,progressive,A person who is progressive,0,0,0,0,1,0,0,0,0,0,0,0,0,0,0,0,0,0,0,0,NA,NA,NA,NA,NA,-1,NA,NA,NA,NA,NA,NA,NA,NA,NA,NA,NA,NA,1,If a person is progressive they are also likely to be:,If a person is <b>progressive</b> they are also likely to be:,"""If a person is progressive they are also likely to be:"",","""If a person is <b>progressive</b> they are also likely to be:"",","""If a person is <b>progressive</b> they are also likely to:"","
superior,a superior,A person who is a superior,0,0,0,0,0,1,0,0,0,0,0,0,0,0,0,0,0,0,0,0,NA,NA,NA,NA,NA,NA,1,NA,NA,NA,NA,NA,NA,NA,NA,NA,NA,NA,1,If a person is superior they are also likely to be:,If a person is <b>a superior</b> they are also likely to be:,"""If a person is superior they are also likely to be:"",","""If a person is <b>a superior</b> they are also likely to be:"",","""If a person is <b>a superior</b> they are also likely to:"","
inferior,an inferior,A person who is an inferior,0,0,0,0,0,1,0,0,0,0,0,0,0,0,0,0,0,0,0,0,NA,NA,NA,NA,NA,NA,-1,NA,NA,NA,NA,NA,NA,NA,NA,NA,NA,NA,1,If a person is inferior they are also likely to be:,If a person is <b>an inferior</b> they are also likely to be:,"""If a person is inferior they are also likely to be:"",","""If a person is <b>an inferior</b> they are also likely to be:"",","""If a person is <b>an inferior</b> they are also likely to:"","
higher-class,higher-class,A person who is higher-class,0,0,0,0,0,1,0,0,0,0,0,0,0,0,0,0,0,0,0,0,NA,NA,NA,NA,NA,NA,1,NA,NA,NA,NA,NA,NA,NA,NA,NA,NA,NA,1,If a person is higher-class they are also likely to be:,If a person is <b>higher-class</b> they are also likely to be:,"""If a person is higher-class they are also likely to be:"",","""If a person is <b>higher-class</b> they are also likely to be:"",","""If a person is <b>higher-class</b> they are also likely to:"","
lower-class,lower-class,A person who is lower-class,0,0,0,0,0,1,0,0,0,0,0,0,0,0,0,0,0,0,0,0,NA,NA,NA,NA,NA,NA,-1,NA,NA,NA,NA,NA,NA,NA,NA,NA,NA,NA,1,If a person is lower-class they are also likely to be:,If a person is <b>lower-class</b> they are also likely to be:,"""If a person is lower-class they are also likely to be:"",","""If a person is <b>lower-class</b> they are also likely to be:"",","""If a person is <b>lower-class</b> they are also likely to:"","
powerful,powerful,A person who is powerful,0,0,0,0,0,1,0,0,0,0,0,0,0,0,0,0,0,0,0,0,NA,NA,NA,NA,NA,NA,1,NA,NA,NA,NA,NA,NA,NA,NA,NA,NA,NA,1,If a person is powerful they are also likely to be:,If a person is <b>powerful</b> they are also likely to be:,"""If a person is powerful they are also likely to be:"",","""If a person is <b>powerful</b> they are also likely to be:"",","""If a person is <b>powerful</b> they are also likely to:"","
powerless,powerless,A person who is powerless,0,0,0,0,0,1,0,0,0,0,0,0,0,0,0,0,0,0,0,0,NA,NA,NA,NA,NA,NA,-1,NA,NA,NA,NA,NA,NA,NA,NA,NA,NA,NA,1,If a person is powerless they are also likely to be:,If a person is <b>powerless</b> they are also likely to be:,"""If a person is powerless they are also likely to be:"",","""If a person is <b>powerless</b> they are also likely to be:"",","""If a person is <b>powerless</b> they are also likely to:"","
rich,rich,A person who is rich,0,0,0,0,0,1,0,0,0,0,0,0,0,0,0,0,0,0,0,0,NA,NA,NA,NA,NA,NA,1,NA,NA,NA,NA,NA,NA,NA,NA,NA,NA,NA,1,If a person is rich they are also likely to be:,If a person is <b>rich</b> they are also likely to be:,"""If a person is rich they are also likely to be:"",","""If a person is <b>rich</b> they are also likely to be:"",","""If a person is <b>rich</b> they are also likely to:"","
poor,poor,A person who is poor,0,0,0,0,0,1,0,0,0,0,0,0,0,0,0,0,0,0,0,0,NA,NA,NA,NA,NA,NA,-1,NA,NA,NA,NA,NA,NA,NA,NA,NA,NA,NA,1,If a person is poor they are also likely to be:,If a person is <b>poor</b> they are also likely to be:,"""If a person is poor they are also likely to be:"",","""If a person is <b>poor</b> they are also likely to be:"",","""If a person is <b>poor</b> they are also likely to:"","
wealthy,wealthy,A person who is wealthy,0,0,0,0,0,1,0,0,0,0,0,0,0,0,0,0,0,0,0,0,NA,NA,NA,NA,NA,NA,1,NA,NA,NA,NA,NA,NA,NA,NA,NA,NA,NA,1,If a person is wealthy they are also likely to be:,If a person is <b>wealthy</b> they are also likely to be:,"""If a person is wealthy they are also likely to be:"",","""If a person is <b>wealthy</b> they are also likely to be:"",","""If a person is <b>wealthy</b> they are also likely to:"","
indigent,indigent,A person who is indigent,0,0,0,0,0,1,0,0,0,0,0,0,0,0,0,0,0,0,0,0,NA,NA,NA,NA,NA,NA,-1,NA,NA,NA,NA,NA,NA,NA,NA,NA,NA,NA,1,If a person is indigent they are also likely to be:,If a person is <b>indigent</b> they are also likely to be:,"""If a person is indigent they are also likely to be:"",","""If a person is <b>indigent</b> they are also likely to be:"",","""If a person is <b>indigent</b> they are also likely to:"","
affluent,affluent,A person who is affluent,0,0,0,0,0,1,0,0,0,0,0,0,0,0,0,0,0,0,0,0,NA,NA,NA,NA,NA,NA,1,NA,NA,NA,NA,NA,NA,NA,NA,NA,NA,NA,1,If a person is affluent they are also likely to be:,If a person is <b>affluent</b> they are also likely to be:,"""If a person is affluent they are also likely to be:"",","""If a person is <b>affluent</b> they are also likely to be:"",","""If a person is <b>affluent</b> they are also likely to:"","
deprived,deprived,A person who is deprived,0,0,0,0,0,1,0,0,0,0,0,0,0,0,0,0,0,0,0,0,NA,NA,NA,NA,NA,NA,-1,NA,NA,NA,NA,NA,NA,NA,NA,NA,NA,NA,1,If a person is deprived they are also likely to be:,If a person is <b>deprived</b> they are also likely to be:,"""If a person is deprived they are also likely to be:"",","""If a person is <b>deprived</b> they are also likely to be:"",","""If a person is <b>deprived</b> they are also likely to:"","
influential,influential,A person who is influential,0,0,0,0,0,1,0,0,0,0,0,0,0,0,0,0,0,0,0,0,NA,NA,NA,NA,NA,NA,1,NA,NA,NA,NA,NA,NA,NA,NA,NA,NA,NA,1,If a person is influential they are also likely to be:,If a person is <b>influential</b> they are also likely to be:,"""If a person is influential they are also likely to be:"",","""If a person is <b>influential</b> they are also likely to be:"",","""If a person is <b>influential</b> they are also likely to:"","
uninfluential,uninfluential,A person who is uninfluential,0,0,0,0,0,1,0,0,0,0,0,0,0,0,0,0,0,0,0,0,NA,NA,NA,NA,NA,NA,-1,NA,NA,NA,NA,NA,NA,NA,NA,NA,NA,NA,1,If a person is uninfluential they are also likely to be:,If a person is <b>uninfluential</b> they are also likely to be:,"""If a person is uninfluential they are also likely to be:"",","""If a person is <b>uninfluential</b> they are also likely to be:"",","""If a person is <b>uninfluential</b> they are also likely to:"","
prestigious,prestigious,A person who is prestigious,0,0,0,0,0,1,0,0,0,0,0,0,0,0,0,0,0,0,0,0,NA,NA,NA,NA,NA,NA,1,NA,NA,NA,NA,NA,NA,NA,NA,NA,NA,NA,1,If a person is prestigious they are also likely to be:,If a person is <b>prestigious</b> they are also likely to be:,"""If a person is prestigious they are also likely to be:"",","""If a person is <b>prestigious</b> they are also likely to be:"",","""If a person is <b>prestigious</b> they are also likely to:"","
unimportant,unimportant,A person who is unimportant,0,0,0,0,0,1,0,0,0,0,0,0,0,0,0,0,0,0,0,0,NA,NA,NA,NA,NA,NA,-1,NA,NA,NA,NA,NA,NA,NA,NA,NA,NA,NA,1,If a person is unimportant they are also likely to be:,If a person is <b>unimportant</b> they are also likely to be:,"""If a person is unimportant they are also likely to be:"",","""If a person is <b>unimportant</b> they are also likely to be:"",","""If a person is <b>unimportant</b> they are also likely to:"","
prosperous,prosperous,A person who is prosperous,0,0,0,0,0,1,0,0,0,0,0,0,0,0,0,0,0,0,0,0,NA,NA,NA,NA,NA,NA,1,NA,NA,NA,NA,NA,NA,NA,NA,NA,NA,NA,1,If a person is prosperous they are also likely to be:,If a person is <b>prosperous</b> they are also likely to be:,"""If a person is prosperous they are also likely to be:"",","""If a person is <b>prosperous</b> they are also likely to be:"",","""If a person is <b>prosperous</b> they are also likely to:"","
penniless,penniless,A person who is penniless,0,0,0,0,0,1,0,0,0,0,0,0,0,0,0,0,0,0,0,0,NA,NA,NA,NA,NA,NA,-1,NA,NA,NA,NA,NA,NA,NA,NA,NA,NA,NA,1,If a person is penniless they are also likely to be:,If a person is <b>penniless</b> they are also likely to be:,"""If a person is penniless they are also likely to be:"",","""If a person is <b>penniless</b> they are also likely to be:"",","""If a person is <b>penniless</b> they are also likely to:"","
unfit,unfit,A person who is unfit,0,0,0,0,0,0,1,0,0,0,0,0,0,0,0,0,0,0,0,0,NA,NA,NA,NA,NA,NA,NA,-1,NA,NA,NA,NA,NA,NA,NA,NA,NA,NA,1,If a person is unfit they are also likely to be:,If a person is <b>unfit</b> they are also likely to be:,"""If a person is unfit they are also likely to be:"",","""If a person is <b>unfit</b> they are also likely to be:"",","""If a person is <b>unfit</b> they are also likely to:"","
fit,fit,A person who is fit,0,0,0,0,0,0,1,0,0,0,0,0,0,0,0,0,0,0,0,0,NA,NA,NA,NA,NA,NA,NA,1,NA,NA,NA,NA,NA,NA,NA,NA,NA,NA,1,If a person is fit they are also likely to be:,If a person is <b>fit</b> they are also likely to be:,"""If a person is fit they are also likely to be:"",","""If a person is <b>fit</b> they are also likely to be:"",","""If a person is <b>fit</b> they are also likely to:"","
diseased,diseased,A person who is diseased,0,0,0,0,0,0,1,0,0,0,0,0,0,0,0,0,0,0,0,0,NA,NA,NA,NA,NA,NA,NA,-1,NA,NA,NA,NA,NA,NA,NA,NA,NA,NA,1,If a person is diseased they are also likely to be:,If a person is <b>diseased</b> they are also likely to be:,"""If a person is diseased they are also likely to be:"",","""If a person is <b>diseased</b> they are also likely to be:"",","""If a person is <b>diseased</b> they are also likely to:"","
healthful,healthful,A person who is healthful,0,0,0,0,0,0,1,0,0,0,0,0,0,0,0,0,0,0,0,0,NA,NA,NA,NA,NA,NA,NA,1,NA,NA,NA,NA,NA,NA,NA,NA,NA,NA,1,If a person is healthful they are also likely to be:,If a person is <b>healthful</b> they are also likely to be:,"""If a person is healthful they are also likely to be:"",","""If a person is <b>healthful</b> they are also likely to be:"",","""If a person is <b>healthful</b> they are also likely to:"","
ill,ill,A person who is ill,0,0,0,0,0,0,1,0,0,0,0,0,0,0,0,0,0,0,0,0,NA,NA,NA,NA,NA,NA,NA,-1,NA,NA,NA,NA,NA,NA,NA,NA,NA,NA,1,If a person is ill they are also likely to be:,If a person is <b>ill</b> they are also likely to be:,"""If a person is ill they are also likely to be:"",","""If a person is <b>ill</b> they are also likely to be:"",","""If a person is <b>ill</b> they are also likely to:"","
hale,hale,A person who is hale,0,0,0,0,0,0,1,0,0,0,0,0,0,0,0,0,0,0,0,0,NA,NA,NA,NA,NA,NA,NA,1,NA,NA,NA,NA,NA,NA,NA,NA,NA,NA,1,If a person is hale they are also likely to be:,If a person is <b>hale</b> they are also likely to be:,"""If a person is hale they are also likely to be:"",","""If a person is <b>hale</b> they are also likely to be:"",","""If a person is <b>hale</b> they are also likely to:"","
insane,insane,A person who is insane,0,0,0,0,0,0,1,0,0,0,0,0,0,0,0,0,0,0,0,0,NA,NA,NA,NA,NA,NA,NA,-1,NA,NA,NA,NA,NA,NA,NA,NA,NA,NA,1,If a person is insane they are also likely to be:,If a person is <b>insane</b> they are also likely to be:,"""If a person is insane they are also likely to be:"",","""If a person is <b>insane</b> they are also likely to be:"",","""If a person is <b>insane</b> they are also likely to:"","
sane,sane,A person who is sane,0,0,0,0,0,0,1,0,0,0,0,0,0,0,0,0,0,0,0,0,NA,NA,NA,NA,NA,NA,NA,1,NA,NA,NA,NA,NA,NA,NA,NA,NA,NA,1,If a person is sane they are also likely to be:,If a person is <b>sane</b> they are also likely to be:,"""If a person is sane they are also likely to be:"",","""If a person is <b>sane</b> they are also likely to be:"",","""If a person is <b>sane</b> they are also likely to:"","
healthy,healthy,A person who is healthy,0,0,0,0,0,0,1,0,0,0,0,0,0,0,0,0,0,0,0,0,NA,NA,NA,NA,NA,NA,NA,1,NA,NA,NA,NA,NA,NA,NA,NA,NA,NA,1,If a person is healthy they are also likely to be:,If a person is <b>healthy</b> they are also likely to be:,"""If a person is healthy they are also likely to be:"",","""If a person is <b>healthy</b> they are also likely to be:"",","""If a person is <b>healthy</b> they are also likely to:"","
unhealthy,unhealthy,A person who is unhealthy,0,0,0,0,0,0,1,0,0,0,0,0,0,0,0,0,0,0,0,0,NA,NA,NA,NA,NA,NA,NA,-1,NA,NA,NA,NA,NA,NA,NA,NA,NA,NA,1,If a person is unhealthy they are also likely to be:,If a person is <b>unhealthy</b> they are also likely to be:,"""If a person is unhealthy they are also likely to be:"",","""If a person is <b>unhealthy</b> they are also likely to be:"",","""If a person is <b>unhealthy</b> they are also likely to:"","
foreigner,a foreigner,A person who is a foreigner,0,0,0,0,0,0,0,0,1,0,0,0,0,0,0,0,0,0,0,0,NA,NA,NA,NA,NA,NA,NA,NA,-1,NA,NA,NA,NA,NA,NA,NA,NA,NA,1,If a person is a foreigner they are also likely to be:,If a person is <b>a foreigner</b> they are also likely to be:,"""If a person is a foreigner they are also likely to be:"",","""If a person is <b>a foreigner</b> they are also likely to be:"",","""If a person is <b>a foreigner</b> they are also likely to:"","
immigrant,an immigrant,A person who is an immigrant,0,0,0,0,0,0,0,0,1,0,0,0,0,0,0,0,0,0,0,0,NA,NA,NA,NA,NA,NA,NA,NA,-1,NA,NA,NA,NA,NA,NA,NA,NA,NA,1,If a person is an immigrant they are also likely to be:,If a person is <b>an immigrant</b> they are also likely to be:,"""If a person is an immigrant they are also likely to be:"",","""If a person is <b>an immigrant</b> they are also likely to be:"",","""If a person is <b>an immigrant</b> they are also likely to:"","
alien,an alien,A person who is an alien,0,0,0,0,0,0,0,0,1,0,0,0,0,0,0,0,0,0,0,0,NA,NA,NA,NA,NA,NA,NA,NA,-1,NA,NA,NA,NA,NA,NA,NA,NA,NA,1,If a person is an alien they are also likely to be:,If a person is <b>an alien</b> they are also likely to be:,"""If a person is an alien they are also likely to be:"",","""If a person is <b>an alien</b> they are also likely to be:"",","""If a person is <b>an alien</b> they are also likely to:"","
migrant,a migrant,A person who is a migrant,0,0,0,0,0,0,0,0,1,0,0,0,0,0,0,0,0,0,0,0,NA,NA,NA,NA,NA,NA,NA,NA,-1,NA,NA,NA,NA,NA,NA,NA,NA,NA,1,If a person is a migrant they are also likely to be:,If a person is <b>a migrant</b> they are also likely to be:,"""If a person is a migrant they are also likely to be:"",","""If a person is <b>a migrant</b> they are also likely to be:"",","""If a person is <b>a migrant</b> they are also likely to:"","
citizen,a citizen,A person who is a citizen,0,0,0,0,0,0,0,0,1,0,0,0,0,0,0,0,0,0,0,0,NA,NA,NA,NA,NA,NA,NA,NA,1,NA,NA,NA,NA,NA,NA,NA,NA,NA,1,If a person is a citizen they are also likely to be:,If a person is <b>a citizen</b> they are also likely to be:,"""If a person is a citizen they are also likely to be:"",","""If a person is <b>a citizen</b> they are also likely to be:"",","""If a person is <b>a citizen</b> they are also likely to:"","
resident,a resident,A person who is a resident,0,0,0,0,0,0,0,0,1,0,0,0,0,0,0,0,0,0,0,0,NA,NA,NA,NA,NA,NA,NA,NA,1,NA,NA,NA,NA,NA,NA,NA,NA,NA,1,If a person is a resident they are also likely to be:,If a person is <b>a resident</b> they are also likely to be:,"""If a person is a resident they are also likely to be:"",","""If a person is <b>a resident</b> they are also likely to be:"",","""If a person is <b>a resident</b> they are also likely to:"","
local,a local,A person who is a local,0,0,0,0,0,0,0,0,1,0,0,0,0,0,0,0,0,0,0,0,NA,NA,NA,NA,NA,NA,NA,NA,1,NA,NA,NA,NA,NA,NA,NA,NA,NA,1,If a person is a local they are also likely to be:,If a person is <b>a local</b> they are also likely to be:,"""If a person is a local they are also likely to be:"",","""If a person is <b>a local</b> they are also likely to be:"",","""If a person is <b>a local</b> they are also likely to:"","
American,American,A person who is American,0,0,0,0,0,0,0,0,1,0,0,0,0,0,0,0,0,0,0,0,NA,NA,NA,NA,NA,NA,NA,NA,1,NA,NA,NA,NA,NA,NA,NA,NA,NA,1,If a person is American they are also likely to be:,If a person is <b>American</b> they are also likely to be:,"""If a person is American they are also likely to be:"",","""If a person is <b>American</b> they are also likely to be:"",","""If a person is <b>American</b> they are also likely to:"","
job,has a job,A person who is has a job,0,0,0,0,0,0,0,0,0,1,0,0,0,0,0,0,0,0,0,0,NA,NA,NA,NA,NA,NA,NA,NA,NA,1,NA,NA,NA,NA,NA,NA,NA,NA,1,If a person has a job they are also likely to be:,If a person <b>has a job</b> they are also likely to be:,"""If a person has a job they are also likely to be:"",","""If a person <b>has a job</b> they are also likely to be:"",","""If a person <b>has a job</b> they are also likely to:"","
jobless,jobless,A person who is jobless,0,0,0,0,0,0,0,0,0,1,0,0,0,0,0,0,0,0,0,0,NA,NA,NA,NA,NA,NA,NA,NA,NA,-1,NA,NA,NA,NA,NA,NA,NA,NA,1,If a person is jobless they are also likely to be:,If a person is <b>jobless</b> they are also likely to be:,"""If a person is jobless they are also likely to be:"",","""If a person is <b>jobless</b> they are also likely to be:"",","""If a person is <b>jobless</b> they are also likely to:"","
employed,employed,A person who is employed,0,0,0,0,0,0,0,0,0,1,0,0,0,0,0,0,0,0,0,0,NA,NA,NA,NA,NA,NA,NA,NA,NA,1,NA,NA,NA,NA,NA,NA,NA,NA,1,If a person is employed they are also likely to be:,If a person is <b>employed</b> they are also likely to be:,"""If a person is employed they are also likely to be:"",","""If a person is <b>employed</b> they are also likely to be:"",","""If a person is <b>employed</b> they are also likely to:"","
unemployed,unemployed,A person who is unemployed,0,0,0,0,0,0,0,0,0,1,0,0,0,0,0,0,0,0,0,0,NA,NA,NA,NA,NA,NA,NA,NA,NA,-1,NA,NA,NA,NA,NA,NA,NA,NA,1,If a person is unemployed they are also likely to be:,If a person is <b>unemployed</b> they are also likely to be:,"""If a person is unemployed they are also likely to be:"",","""If a person is <b>unemployed</b> they are also likely to be:"",","""If a person is <b>unemployed</b> they are also likely to:"","
worker,a worker,A person who is a worker,0,0,0,0,0,0,0,0,0,1,0,0,0,0,0,0,0,0,0,0,NA,NA,NA,NA,NA,NA,NA,NA,NA,1,NA,NA,NA,NA,NA,NA,NA,NA,1,If a person is a worker they are also likely to be:,If a person is <b>a worker</b> they are also likely to be:,"""If a person is a worker they are also likely to be:"",","""If a person is <b>a worker</b> they are also likely to be:"",","""If a person is <b>a worker</b> they are also likely to:"","
out of work,out of work,A person who is out of work,0,0,0,0,0,0,0,0,0,1,0,0,0,0,0,0,0,0,0,0,NA,NA,NA,NA,NA,NA,NA,NA,NA,-1,NA,NA,NA,NA,NA,NA,NA,NA,1,If a person is out of work they are also likely to be:,If a person is <b>out of work</b> they are also likely to be:,"""If a person is out of work they are also likely to be:"",","""If a person is <b>out of work</b> they are also likely to be:"",","""If a person is <b>out of work</b> they are also likely to:"","
profession,a professional,A person who is a professional,0,0,0,0,0,0,0,0,0,1,0,0,0,0,0,0,0,0,0,0,NA,NA,NA,NA,NA,NA,NA,NA,NA,NA,NA,NA,NA,NA,NA,NA,NA,NA,1,If a person is a professional they are also likely to be:,If a person is <b>a professional</b> they are also likely to be:,"""If a person is a professional they are also likely to be:"",","""If a person is <b>a professional</b> they are also likely to be:"",","""If a person is <b>a professional</b> they are also likely to:"","
business,has a business,A person who is has a business,0,0,0,0,0,0,0,0,0,1,0,0,0,0,0,0,0,0,0,0,NA,NA,NA,NA,NA,NA,NA,NA,NA,NA,NA,NA,NA,NA,NA,NA,NA,NA,1,If a person has a business they are also likely to be:,If a person <b>has a business</b> they are also likely to be:,"""If a person has a business they are also likely to be:"",","""If a person <b>has a business</b> they are also likely to be:"",","""If a person <b>has a business</b> they are also likely to:"","
cashier,a cashier,A person who is a cashier,0,0,0,0,0,0,0,0,0,1,0,0,0,0,0,0,0,0,0,0,NA,NA,NA,NA,NA,NA,NA,NA,NA,NA,NA,NA,NA,NA,NA,NA,NA,NA,1,If a person is a cashier they are also likely to be:,If a person is <b>a cashier</b> they are also likely to be:,"""If a person is a cashier they are also likely to be:"",","""If a person is <b>a cashier</b> they are also likely to be:"",","""If a person is <b>a cashier</b> they are also likely to:"","
teacher,a teacher,A person who is a teacher,0,0,0,0,0,0,0,0,0,1,0,0,0,0,0,0,0,0,0,0,NA,NA,NA,NA,NA,NA,NA,NA,NA,NA,NA,NA,NA,NA,NA,NA,NA,NA,1,If a person is a teacher they are also likely to be:,If a person is <b>a teacher</b> they are also likely to be:,"""If a person is a teacher they are also likely to be:"",","""If a person is <b>a teacher</b> they are also likely to be:"",","""If a person is <b>a teacher</b> they are also likely to:"","
salesperson,a salesperson,A person who is a salesperson,0,0,0,0,0,0,0,0,0,1,0,0,0,0,0,0,0,0,0,0,NA,NA,NA,NA,NA,NA,NA,NA,NA,NA,NA,NA,NA,NA,NA,NA,NA,NA,1,If a person is a salesperson they are also likely to be:,If a person is <b>a salesperson</b> they are also likely to be:,"""If a person is a salesperson they are also likely to be:"",","""If a person is <b>a salesperson</b> they are also likely to be:"",","""If a person is <b>a salesperson</b> they are also likely to:"","
nurse,a nurse,A person who is a nurse,0,0,0,0,0,0,0,0,0,1,0,0,0,0,0,0,0,0,0,0,NA,NA,NA,NA,NA,NA,NA,NA,NA,NA,NA,NA,NA,NA,NA,NA,NA,NA,1,If a person is a nurse they are also likely to be:,If a person is <b>a nurse</b> they are also likely to be:,"""If a person is a nurse they are also likely to be:"",","""If a person is <b>a nurse</b> they are also likely to be:"",","""If a person is <b>a nurse</b> they are also likely to:"","
engineer,an engineer,A person who is an engineer,0,0,0,0,0,0,0,0,0,1,0,0,0,0,0,0,0,0,0,0,NA,NA,NA,NA,NA,NA,NA,NA,NA,NA,NA,NA,NA,NA,NA,NA,NA,NA,1,If a person is an engineer they are also likely to be:,If a person is <b>an engineer</b> they are also likely to be:,"""If a person is an engineer they are also likely to be:"",","""If a person is <b>an engineer</b> they are also likely to be:"",","""If a person is <b>an engineer</b> they are also likely to:"","
doctor,a doctor,A person who is a doctor,0,0,0,0,0,0,0,0,0,1,0,0,0,0,0,0,0,0,0,0,NA,NA,NA,NA,NA,NA,NA,NA,NA,NA,NA,NA,NA,NA,NA,NA,NA,NA,1,If a person is a doctor they are also likely to be:,If a person is <b>a doctor</b> they are also likely to be:,"""If a person is a doctor they are also likely to be:"",","""If a person is <b>a doctor</b> they are also likely to be:"",","""If a person is <b>a doctor</b> they are also likely to:"","
manager,a manager,A person who is a manager,0,0,0,0,0,0,0,0,0,1,0,0,0,0,0,0,0,0,0,0,NA,NA,NA,NA,NA,NA,NA,NA,NA,NA,NA,NA,NA,NA,NA,NA,NA,NA,1,If a person is a manager they are also likely to be:,If a person is <b>a manager</b> they are also likely to be:,"""If a person is a manager they are also likely to be:"",","""If a person is <b>a manager</b> they are also likely to be:"",","""If a person is <b>a manager</b> they are also likely to:"","
tall,tall,A person who is tall,0,0,0,0,0,0,0,0,0,0,1,0,0,0,0,0,0,0,0,0,NA,NA,NA,NA,NA,NA,NA,NA,NA,NA,NA,NA,NA,NA,NA,NA,NA,NA,1,If a person is tall they are also likely to be:,If a person is <b>tall</b> they are also likely to be:,"""If a person is tall they are also likely to be:"",","""If a person is <b>tall</b> they are also likely to be:"",","""If a person is <b>tall</b> they are also likely to:"","
short,short,A person who is short,0,0,0,0,0,0,0,0,0,0,1,0,0,0,0,0,0,0,0,0,NA,NA,NA,NA,NA,NA,NA,NA,NA,NA,NA,NA,NA,NA,NA,NA,NA,NA,1,If a person is short they are also likely to be:,If a person is <b>short</b> they are also likely to be:,"""If a person is short they are also likely to be:"",","""If a person is <b>short</b> they are also likely to be:"",","""If a person is <b>short</b> they are also likely to:"","
big,big,A person who is big,0,0,0,0,0,0,0,0,0,0,1,0,0,0,0,0,0,0,0,0,NA,NA,NA,NA,NA,NA,NA,NA,NA,NA,NA,NA,NA,NA,NA,NA,NA,NA,1,If a person is big they are also likely to be:,If a person is <b>big</b> they are also likely to be:,"""If a person is big they are also likely to be:"",","""If a person is <b>big</b> they are also likely to be:"",","""If a person is <b>big</b> they are also likely to:"","
small,small,A person who is small,0,0,0,0,0,0,0,0,0,0,1,0,0,0,0,0,0,0,0,0,NA,NA,NA,NA,NA,NA,NA,NA,NA,NA,NA,NA,NA,NA,NA,NA,NA,NA,1,If a person is small they are also likely to be:,If a person is <b>small</b> they are also likely to be:,"""If a person is small they are also likely to be:"",","""If a person is <b>small</b> they are also likely to be:"",","""If a person is <b>small</b> they are also likely to:"","
fat,fat,A person who is fat,0,0,0,0,0,0,0,0,0,0,1,0,0,0,0,0,0,0,0,0,NA,NA,NA,NA,NA,NA,NA,NA,NA,NA,NA,NA,NA,NA,NA,NA,NA,NA,1,If a person is fat they are also likely to be:,If a person is <b>fat</b> they are also likely to be:,"""If a person is fat they are also likely to be:"",","""If a person is <b>fat</b> they are also likely to be:"",","""If a person is <b>fat</b> they are also likely to:"","
thin,thin,A person who is thin,0,0,0,0,0,0,0,0,0,0,1,0,0,0,0,0,0,0,0,0,NA,NA,NA,NA,NA,NA,NA,NA,NA,NA,NA,NA,NA,NA,NA,NA,NA,NA,1,If a person is thin they are also likely to be:,If a person is <b>thin</b> they are also likely to be:,"""If a person is thin they are also likely to be:"",","""If a person is <b>thin</b> they are also likely to be:"",","""If a person is <b>thin</b> they are also likely to:"","
muscular,muscular,A person who is muscular,0,0,0,0,0,0,0,0,0,0,1,0,0,0,0,0,0,0,0,0,NA,NA,NA,NA,NA,NA,NA,NA,NA,NA,NA,NA,NA,NA,NA,NA,NA,NA,1,If a person is muscular they are also likely to be:,If a person is <b>muscular</b> they are also likely to be:,"""If a person is muscular they are also likely to be:"",","""If a person is <b>muscular</b> they are also likely to be:"",","""If a person is <b>muscular</b> they are also likely to:"","
skinny,skinny,A person who is skinny,0,0,0,0,0,0,0,0,0,0,1,0,0,0,0,0,0,0,0,0,NA,NA,NA,NA,NA,NA,NA,NA,NA,NA,NA,NA,NA,NA,NA,NA,NA,NA,1,If a person is skinny they are also likely to be:,If a person is <b>skinny</b> they are also likely to be:,"""If a person is skinny they are also likely to be:"",","""If a person is <b>skinny</b> they are also likely to be:"",","""If a person is <b>skinny</b> they are also likely to:"","
curly hair,curly hair,A person who is curly hair,0,0,0,0,0,0,0,0,0,0,1,0,0,0,0,0,0,0,0,0,NA,NA,NA,NA,NA,NA,NA,NA,NA,NA,NA,NA,NA,NA,NA,NA,NA,NA,1,If a person has curly hair they are also likely to be:,If a person <b>has curly hair</b> they are also likely to be:,"""If a person has curly hair they are also likely to be:"",","""If a person <b>has curly hair</b> they are also likely to be:"",","""If a person <b>has curly hair</b> they are also likely to:"","
straight hair,straight hair,A person who is straight hair,0,0,0,0,0,0,0,0,0,0,1,0,0,0,0,0,0,0,0,0,NA,NA,NA,NA,NA,NA,NA,NA,NA,NA,NA,NA,NA,NA,NA,NA,NA,NA,1,If a person has straight hair they are also likely to be:,If a person <b>has straight hair</b> they are also likely to be:,"""If a person has straight hair they are also likely to be:"",","""If a person <b>has straight hair</b> they are also likely to be:"",","""If a person <b>has straight hair</b> they are also likely to:"","
blond,blond,A person who is blond,0,0,0,0,0,0,0,0,0,0,1,0,0,0,0,0,0,0,0,0,NA,NA,NA,NA,NA,NA,NA,NA,NA,NA,NA,NA,NA,NA,NA,NA,NA,NA,1,If a person is blond they are also likely to be:,If a person is <b>blond</b> they are also likely to be:,"""If a person is blond they are also likely to be:"",","""If a person is <b>blond</b> they are also likely to be:"",","""If a person is <b>blond</b> they are also likely to:"","
brunette,a brunette,A person who is a brunette,0,0,0,0,0,0,0,0,0,0,1,0,0,0,0,0,0,0,0,0,NA,NA,NA,NA,NA,NA,NA,NA,NA,NA,NA,NA,NA,NA,NA,NA,NA,NA,1,If a person is a brunette they are also likely to be:,If a person is <b>a brunette</b> they are also likely to be:,"""If a person is a brunette they are also likely to be:"",","""If a person is <b>a brunette</b> they are also likely to be:"",","""If a person is <b>a brunette</b> they are also likely to:"","
red haired,red-haired,A person who is red-haired,0,0,0,0,0,0,0,0,0,0,1,0,0,0,0,0,0,0,0,0,NA,NA,NA,NA,NA,NA,NA,NA,NA,NA,NA,NA,NA,NA,NA,NA,NA,NA,1,If a person is red-haired they are also likely to be:,If a person is <b>red-haired</b> they are also likely to be:,"""If a person is red-haired they are also likely to be:"",","""If a person is <b>red-haired</b> they are also likely to be:"",","""If a person is <b>red-haired</b> they are also likely to:"","
glasses,glasses,A person who is glasses,0,0,0,0,0,0,0,0,0,0,1,0,0,0,0,0,0,0,0,0,NA,NA,NA,NA,NA,NA,NA,NA,NA,NA,NA,NA,NA,NA,NA,NA,NA,NA,1,If a person wears glasses they are also likely to be:,If a person <b>wears glasses</b> they are also likely to be:,"""If a person wears glasses they are also likely to be:"",","""If a person <b>wears glasses</b> they are also likely to be:"",","""If a person <b>wears glasses</b> they are also likely to:"","
tattoo,tattoos,A person who is tattoos,0,0,0,0,0,0,0,0,0,0,1,0,0,0,0,0,0,0,0,0,NA,NA,NA,NA,NA,NA,NA,NA,NA,NA,NA,NA,NA,NA,NA,NA,NA,NA,1,If a person has tattoos they are also likely to be:,If a person <b>has tattoos</b> they are also likely to be:,"""If a person has tattoos they are also likely to be:"",","""If a person <b>has tattoos</b> they are also likely to be:"",","""If a person <b>has tattoos</b> they are also likely to:"","
hat,hats,A person who is hats,0,0,0,0,0,0,0,0,0,0,1,0,0,0,0,0,0,0,0,0,NA,NA,NA,NA,NA,NA,NA,NA,NA,NA,NA,NA,NA,NA,NA,NA,NA,NA,1,If a person wears hats they are also likely to be:,If a person <b>wears hats</b> they are also likely to be:,"""If a person wears hats they are also likely to be:"",","""If a person <b>wears hats</b> they are also likely to be:"",","""If a person <b>wears hats</b> they are also likely to:"","
attractive,attractive,A person who is attractive,0,0,0,0,0,0,0,0,0,0,1,1,0,0,0,0,0,0,0,0,NA,NA,NA,NA,NA,NA,NA,NA,NA,NA,1,NA,NA,NA,NA,NA,NA,NA,2,If a person is attractive they are also likely to be:,If a person is <b>attractive</b> they are also likely to be:,"""If a person is attractive they are also likely to be:"",","""If a person is <b>attractive</b> they are also likely to be:"",","""If a person is <b>attractive</b> they are also likely to:"","
unattractive,unattractive,A person who is unattractive,0,0,0,0,0,0,0,0,0,0,1,1,0,0,0,0,0,0,0,0,NA,NA,NA,NA,NA,NA,NA,NA,NA,NA,-1,NA,NA,NA,NA,NA,NA,NA,2,If a person is unattractive they are also likely to be:,If a person is <b>unattractive</b> they are also likely to be:,"""If a person is unattractive they are also likely to be:"",","""If a person is <b>unattractive</b> they are also likely to be:"",","""If a person is <b>unattractive</b> they are also likely to:"","
beautiful,beautiful,A person who is beautiful,0,0,0,0,0,0,0,0,0,0,1,1,0,0,0,0,0,0,0,0,NA,NA,NA,NA,NA,NA,NA,NA,NA,NA,1,NA,NA,NA,NA,NA,NA,NA,2,If a person is beautiful they are also likely to be:,If a person is <b>beautiful</b> they are also likely to be:,"""If a person is beautiful they are also likely to be:"",","""If a person is <b>beautiful</b> they are also likely to be:"",","""If a person is <b>beautiful</b> they are also likely to:"","
ugly,ugly,A person who is ugly,0,0,0,0,0,0,0,0,0,0,1,1,0,0,0,0,0,0,0,0,NA,NA,NA,NA,NA,NA,NA,NA,NA,NA,-1,NA,NA,NA,NA,NA,NA,NA,2,If a person is ugly they are also likely to be:,If a person is <b>ugly</b> they are also likely to be:,"""If a person is ugly they are also likely to be:"",","""If a person is <b>ugly</b> they are also likely to be:"",","""If a person is <b>ugly</b> they are also likely to:"","
pretty,pretty,A person who is pretty,0,0,0,0,0,0,0,0,0,0,1,1,0,0,0,0,0,0,0,0,NA,NA,NA,NA,NA,NA,NA,NA,NA,NA,1,NA,NA,NA,NA,NA,NA,NA,2,If a person is pretty they are also likely to be:,If a person is <b>pretty</b> they are also likely to be:,"""If a person is pretty they are also likely to be:"",","""If a person is <b>pretty</b> they are also likely to be:"",","""If a person is <b>pretty</b> they are also likely to:"","
unsightly,unsightly,A person who is unsightly,0,0,0,0,0,0,0,0,0,0,1,1,0,0,0,0,0,0,0,0,NA,NA,NA,NA,NA,NA,NA,NA,NA,NA,-1,NA,NA,NA,NA,NA,NA,NA,2,If a person is unsightly they are also likely to be:,If a person is <b>unsightly</b> they are also likely to be:,"""If a person is unsightly they are also likely to be:"",","""If a person is <b>unsightly</b> they are also likely to be:"",","""If a person is <b>unsightly</b> they are also likely to:"","
handsome,handsome,A person who is handsome,0,0,0,0,0,0,0,0,0,0,1,1,0,0,0,0,0,0,0,0,NA,NA,NA,NA,NA,NA,NA,NA,NA,NA,1,NA,NA,NA,NA,NA,NA,NA,2,If a person is handsome they are also likely to be:,If a person is <b>handsome</b> they are also likely to be:,"""If a person is handsome they are also likely to be:"",","""If a person is <b>handsome</b> they are also likely to be:"",","""If a person is <b>handsome</b> they are also likely to:"","
hideous,hideous,A person who is hideous,0,0,0,0,0,0,0,0,0,0,1,1,0,0,0,0,0,0,0,0,NA,NA,NA,NA,NA,NA,NA,NA,NA,NA,-1,NA,NA,NA,NA,NA,NA,NA,2,If a person is hideous they are also likely to be:,If a person is <b>hideous</b> they are also likely to be:,"""If a person is hideous they are also likely to be:"",","""If a person is <b>hideous</b> they are also likely to be:"",","""If a person is <b>hideous</b> they are also likely to:"","
mother,a mother,A person who is a mother,0,0,0,0,0,0,0,0,0,0,0,0,1,0,0,0,0,0,0,0,NA,NA,NA,NA,NA,NA,NA,NA,NA,NA,NA,NA,NA,NA,NA,NA,NA,NA,1,If a person is a mother they are also likely to be:,If a person is <b>a mother</b> they are also likely to be:,"""If a person is a mother they are also likely to be:"",","""If a person is <b>a mother</b> they are also likely to be:"",","""If a person is <b>a mother</b> they are also likely to:"","
father,a father,A person who is a father,0,0,0,0,0,0,0,0,0,0,0,0,1,0,0,0,0,0,0,0,NA,NA,NA,NA,NA,NA,NA,NA,NA,NA,NA,NA,NA,NA,NA,NA,NA,NA,1,If a person is a father they are also likely to be:,If a person is <b>a father</b> they are also likely to be:,"""If a person is a father they are also likely to be:"",","""If a person is <b>a father</b> they are also likely to be:"",","""If a person is <b>a father</b> they are also likely to:"","
son,a son,A person who is a son,0,0,0,0,0,0,0,0,0,0,0,0,1,0,0,0,0,0,0,0,NA,NA,NA,NA,NA,NA,NA,NA,NA,NA,NA,NA,NA,NA,NA,NA,NA,NA,1,If a person is a son they are also likely to be:,If a person is <b>a son</b> they are also likely to be:,"""If a person is a son they are also likely to be:"",","""If a person is <b>a son</b> they are also likely to be:"",","""If a person is <b>a son</b> they are also likely to:"","
daughter,a daughter,A person who is a daughter,0,0,0,0,0,0,0,0,0,0,0,0,1,0,0,0,0,0,0,0,NA,NA,NA,NA,NA,NA,NA,NA,NA,NA,NA,NA,NA,NA,NA,NA,NA,NA,1,If a person is a daughter they are also likely to be:,If a person is <b>a daughter</b> they are also likely to be:,"""If a person is a daughter they are also likely to be:"",","""If a person is <b>a daughter</b> they are also likely to be:"",","""If a person is <b>a daughter</b> they are also likely to:"","
parent,a parent,A person who is a parent,0,0,0,0,0,0,0,0,0,0,0,0,1,0,0,0,0,0,0,0,NA,NA,NA,NA,NA,NA,NA,NA,NA,NA,NA,NA,NA,NA,NA,NA,NA,NA,1,If a person is a parent they are also likely to be:,If a person is <b>a parent</b> they are also likely to be:,"""If a person is a parent they are also likely to be:"",","""If a person is <b>a parent</b> they are also likely to be:"",","""If a person is <b>a parent</b> they are also likely to:"","
grandparents,a grandparent,A person who is a grandparent,0,0,0,0,0,0,0,0,0,0,0,0,1,0,0,0,0,0,0,0,NA,NA,NA,NA,NA,NA,NA,NA,NA,NA,NA,NA,NA,NA,NA,NA,NA,NA,1,If a person is a grandparent they are also likely to be:,If a person is <b>a grandparent</b> they are also likely to be:,"""If a person is a grandparent they are also likely to be:"",","""If a person is <b>a grandparent</b> they are also likely to be:"",","""If a person is <b>a grandparent</b> they are also likely to:"","
grandkids,a grandkid,A person who is a grandkid,0,0,0,0,0,0,0,0,0,0,0,0,1,0,0,0,0,0,0,0,NA,NA,NA,NA,NA,NA,NA,NA,NA,NA,NA,NA,NA,NA,NA,NA,NA,NA,1,If a person is a grandkid they are also likely to be:,If a person is <b>a grandkid</b> they are also likely to be:,"""If a person is a grandkid they are also likely to be:"",","""If a person is <b>a grandkid</b> they are also likely to be:"",","""If a person is <b>a grandkid</b> they are also likely to:"","
brother,a brother,A person who is a brother,0,0,0,0,0,0,0,0,0,0,0,0,1,0,0,0,0,0,0,0,NA,NA,NA,NA,NA,NA,NA,NA,NA,NA,NA,NA,NA,NA,NA,NA,NA,NA,1,If a person is a brother they are also likely to be:,If a person is <b>a brother</b> they are also likely to be:,"""If a person is a brother they are also likely to be:"",","""If a person is <b>a brother</b> they are also likely to be:"",","""If a person is <b>a brother</b> they are also likely to:"","
sister,a sister,A person who is a sister,0,0,0,0,0,0,0,0,0,0,0,0,1,0,0,0,0,0,0,0,NA,NA,NA,NA,NA,NA,NA,NA,NA,NA,NA,NA,NA,NA,NA,NA,NA,NA,1,If a person is a sister they are also likely to be:,If a person is <b>a sister</b> they are also likely to be:,"""If a person is a sister they are also likely to be:"",","""If a person is <b>a sister</b> they are also likely to be:"",","""If a person is <b>a sister</b> they are also likely to:"","
sibling,a sibling,A person who is a sibling,0,0,0,0,0,0,0,0,0,0,0,0,1,0,0,0,0,0,0,0,NA,NA,NA,NA,NA,NA,NA,NA,NA,NA,NA,NA,NA,NA,NA,NA,NA,NA,1,If a person is a sibling they are also likely to be:,If a person is <b>a sibling</b> they are also likely to be:,"""If a person is a sibling they are also likely to be:"",","""If a person is <b>a sibling</b> they are also likely to be:"",","""If a person is <b>a sibling</b> they are also likely to:"","
typical,typical,A person who is typical,0,0,0,0,0,0,0,0,0,0,0,0,0,1,0,0,0,0,0,0,NA,NA,NA,NA,NA,NA,NA,NA,NA,NA,NA,1,NA,NA,NA,NA,NA,NA,1,If a person is typical they are also likely to be:,If a person is <b>typical</b> they are also likely to be:,"""If a person is typical they are also likely to be:"",","""If a person is <b>typical</b> they are also likely to be:"",","""If a person is <b>typical</b> they are also likely to:"","
atypical,atypical,A person who is atypical,0,0,0,0,0,0,0,0,0,0,0,0,0,1,0,0,0,0,0,0,NA,NA,NA,NA,NA,NA,NA,NA,NA,NA,NA,-1,NA,NA,NA,NA,NA,NA,1,If a person is atypical they are also likely to be:,If a person is <b>atypical</b> they are also likely to be:,"""If a person is atypical they are also likely to be:"",","""If a person is <b>atypical</b> they are also likely to be:"",","""If a person is <b>atypical</b> they are also likely to:"","
ordinary,ordinary,A person who is ordinary,0,0,0,0,0,0,0,0,0,0,0,0,0,1,0,0,0,0,0,0,NA,NA,NA,NA,NA,NA,NA,NA,NA,NA,NA,1,NA,NA,NA,NA,NA,NA,1,If a person is ordinary they are also likely to be:,If a person is <b>ordinary</b> they are also likely to be:,"""If a person is ordinary they are also likely to be:"",","""If a person is <b>ordinary</b> they are also likely to be:"",","""If a person is <b>ordinary</b> they are also likely to:"","
unusual,unusual,A person who is unusual,0,0,0,0,0,0,0,0,0,0,0,0,0,1,0,0,0,0,0,0,NA,NA,NA,NA,NA,NA,NA,NA,NA,NA,NA,-1,NA,NA,NA,NA,NA,NA,1,If a person is unusual they are also likely to be:,If a person is <b>unusual</b> they are also likely to be:,"""If a person is unusual they are also likely to be:"",","""If a person is <b>unusual</b> they are also likely to be:"",","""If a person is <b>unusual</b> they are also likely to:"","
average,average,A person who is average,0,0,0,0,0,0,0,0,0,0,0,0,0,1,0,0,0,0,0,0,NA,NA,NA,NA,NA,NA,NA,NA,NA,NA,NA,1,NA,NA,NA,NA,NA,NA,1,If a person is average they are also likely to be:,If a person is <b>average</b> they are also likely to be:,"""If a person is average they are also likely to be:"",","""If a person is <b>average</b> they are also likely to be:"",","""If a person is <b>average</b> they are also likely to:"","
different,different,A person who is different,0,0,0,0,0,0,0,0,0,0,0,0,0,1,0,0,0,0,0,0,NA,NA,NA,NA,NA,NA,NA,NA,NA,NA,NA,-1,NA,NA,NA,NA,NA,NA,1,If a person is different they are also likely to be:,If a person is <b>different</b> they are also likely to be:,"""If a person is different they are also likely to be:"",","""If a person is <b>different</b> they are also likely to be:"",","""If a person is <b>different</b> they are also likely to:"","
normal,normal,A person who is normal,0,0,0,0,0,0,0,0,0,0,0,0,0,1,0,0,0,0,0,0,NA,NA,NA,NA,NA,NA,NA,NA,NA,NA,NA,1,NA,NA,NA,NA,NA,NA,1,If a person is normal they are also likely to be:,If a person is <b>normal</b> they are also likely to be:,"""If a person is normal they are also likely to be:"",","""If a person is <b>normal</b> they are also likely to be:"",","""If a person is <b>normal</b> they are also likely to:"","
weird,weird,A person who is weird,0,0,0,0,0,0,0,0,0,0,0,0,0,1,0,0,0,0,0,0,NA,NA,NA,NA,NA,NA,NA,NA,NA,NA,NA,-1,NA,NA,NA,NA,NA,NA,1,If a person is weird they are also likely to be:,If a person is <b>weird</b> they are also likely to be:,"""If a person is weird they are also likely to be:"",","""If a person is <b>weird</b> they are also likely to be:"",","""If a person is <b>weird</b> they are also likely to:"","
generic,generic,A person who is generic,0,0,0,0,0,0,0,0,0,0,0,0,0,1,0,0,0,0,0,0,NA,NA,NA,NA,NA,NA,NA,NA,NA,NA,NA,1,NA,NA,NA,NA,NA,NA,1,If a person is generic they are also likely to be:,If a person is <b>generic</b> they are also likely to be:,"""If a person is generic they are also likely to be:"",","""If a person is <b>generic</b> they are also likely to be:"",","""If a person is <b>generic</b> they are also likely to:"","
unique,unique,A person who is unique,0,0,0,0,0,0,0,0,0,0,0,0,0,1,0,0,0,0,0,0,NA,NA,NA,NA,NA,NA,NA,NA,NA,NA,NA,-1,NA,NA,NA,NA,NA,NA,1,If a person is unique they are also likely to be:,If a person is <b>unique</b> they are also likely to be:,"""If a person is unique they are also likely to be:"",","""If a person is <b>unique</b> they are also likely to be:"",","""If a person is <b>unique</b> they are also likely to:"","
commonplace,commonplace,A person who is commonplace,0,0,0,0,0,0,0,0,0,0,0,0,0,1,0,0,0,0,0,0,NA,NA,NA,NA,NA,NA,NA,NA,NA,NA,NA,1,NA,NA,NA,NA,NA,NA,1,If a person is commonplace they are also likely to be:,If a person is <b>commonplace</b> they are also likely to be:,"""If a person is commonplace they are also likely to be:"",","""If a person is <b>commonplace</b> they are also likely to be:"",","""If a person is <b>commonplace</b> they are also likely to:"","
distinct,distinct,A person who is distinct,0,0,0,0,0,0,0,0,0,0,0,0,0,1,0,0,0,0,0,0,NA,NA,NA,NA,NA,NA,NA,NA,NA,NA,NA,-1,NA,NA,NA,NA,NA,NA,1,If a person is distinct they are also likely to be:,If a person is <b>distinct</b> they are also likely to be:,"""If a person is distinct they are also likely to be:"",","""If a person is <b>distinct</b> they are also likely to be:"",","""If a person is <b>distinct</b> they are also likely to:"","
unremarkable,unremarkable,A person who is unremarkable,0,0,0,0,0,0,0,0,0,0,0,0,0,1,0,0,0,0,0,0,NA,NA,NA,NA,NA,NA,NA,NA,NA,NA,NA,1,NA,NA,NA,NA,NA,NA,1,If a person is unremarkable they are also likely to be:,If a person is <b>unremarkable</b> they are also likely to be:,"""If a person is unremarkable they are also likely to be:"",","""If a person is <b>unremarkable</b> they are also likely to be:"",","""If a person is <b>unremarkable</b> they are also likely to:"","
strange,strange,A person who is strange,0,0,0,0,0,0,0,0,0,0,0,0,0,1,0,0,0,0,0,0,NA,NA,NA,NA,NA,NA,NA,NA,NA,NA,NA,-1,NA,NA,NA,NA,NA,NA,1,If a person is strange they are also likely to be:,If a person is <b>strange</b> they are also likely to be:,"""If a person is strange they are also likely to be:"",","""If a person is <b>strange</b> they are also likely to be:"",","""If a person is <b>strange</b> they are also likely to:"","
conventional,conventional,A person who is conventional,0,0,0,0,0,0,0,0,0,0,0,0,0,1,0,0,0,0,0,0,NA,NA,NA,NA,NA,NA,NA,NA,NA,NA,NA,1,NA,NA,NA,NA,NA,NA,1,If a person is conventional they are also likely to be:,If a person is <b>conventional</b> they are also likely to be:,"""If a person is conventional they are also likely to be:"",","""If a person is <b>conventional</b> they are also likely to be:"",","""If a person is <b>conventional</b> they are also likely to:"","
unconventional,unconventional,A person who is unconventional,0,0,0,0,0,0,0,0,0,0,0,0,0,1,0,0,0,0,0,0,NA,NA,NA,NA,NA,NA,NA,NA,NA,NA,NA,-1,NA,NA,NA,NA,NA,NA,1,If a person is unconventional they are also likely to be:,If a person is <b>unconventional</b> they are also likely to be:,"""If a person is unconventional they are also likely to be:"",","""If a person is <b>unconventional</b> they are also likely to be:"",","""If a person is <b>unconventional</b> they are also likely to:"","
millionaire,a millionaire,A person who is a millionaire,0,0,0,0,0,1,0,0,0,0,0,0,0,0,0,0,0,0,0,0,NA,NA,NA,NA,NA,NA,1,NA,NA,NA,NA,NA,NA,NA,NA,NA,NA,NA,1,If a person is a millionaire they are also likely to be:,If a person is <b>a millionaire</b> they are also likely to be:,"""If a person is a millionaire they are also likely to be:"",","""If a person is <b>a millionaire</b> they are also likely to be:"",","""If a person is <b>a millionaire</b> they are also likely to:"","
destitute,destitute,A person who is destitute,0,0,0,0,0,1,0,0,0,0,0,0,0,0,0,0,0,0,0,0,NA,NA,NA,NA,NA,NA,-1,NA,NA,NA,NA,NA,NA,NA,NA,NA,NA,NA,1,If a person is destitute they are also likely to be:,If a person is <b>destitute</b> they are also likely to be:,"""If a person is destitute they are also likely to be:"",","""If a person is <b>destitute</b> they are also likely to be:"",","""If a person is <b>destitute</b> they are also likely to:"","
tense,tense,A person who is tense,0,0,0,0,0,0,0,1,0,0,0,0,0,0,0,0,0,0,0,0,NA,NA,NA,NA,NA,NA,NA,NA,NA,NA,NA,NA,1,-1,NA,NA,NA,NA,1,,,,,
upset,upset,A person who is upset,0,0,0,0,0,0,0,1,0,0,0,0,0,0,0,0,0,0,0,0,NA,NA,NA,NA,NA,NA,NA,NA,NA,NA,NA,NA,1,-1,NA,NA,NA,NA,1,,,,,
good,good,A person who is good,0,0,0,0,0,0,0,0,0,0,0,0,0,0,0,0,0,0,0,1,1,NA,NA,NA,NA,NA,NA,NA,NA,NA,NA,NA,NA,NA,NA,NA,NA,NA,1,,,,,
amazing,amazing,A person who is amazing,0,0,0,0,0,0,0,0,0,0,0,0,0,0,0,0,0,0,0,1,1,NA,NA,NA,NA,NA,NA,NA,NA,NA,NA,NA,NA,NA,NA,NA,NA,NA,1,,,,,
awesome,awesome,A person who is awesome,0,0,0,0,0,0,0,0,0,0,0,0,0,0,0,0,0,0,0,1,1,NA,NA,NA,NA,NA,NA,NA,NA,NA,NA,NA,NA,NA,NA,NA,NA,NA,1,,,,,
best,the best,A person who is best,0,0,0,0,0,0,0,0,0,0,0,0,0,0,0,0,0,0,0,1,1,NA,NA,NA,NA,NA,NA,NA,NA,NA,NA,NA,NA,NA,NA,NA,NA,NA,1,,,,,
better,better,A person who is better,0,0,0,0,0,0,0,0,0,0,0,0,0,0,0,0,0,0,0,1,1,NA,NA,NA,NA,NA,NA,NA,NA,NA,NA,NA,NA,NA,NA,NA,NA,NA,1,,,,,
desirable,desirable,A person who is desirable,0,0,0,0,0,0,0,0,0,0,0,0,0,0,0,0,0,0,0,1,1,NA,NA,NA,NA,NA,NA,NA,NA,NA,NA,NA,NA,NA,NA,NA,NA,NA,1,,,,,
favorable,favorable,A person who is favorable,0,0,0,0,0,0,0,0,0,0,0,0,0,0,0,0,0,0,0,1,1,NA,NA,NA,NA,NA,NA,NA,NA,NA,NA,NA,NA,NA,NA,NA,NA,NA,1,,,,,
great,great,A person who is great,0,0,0,0,0,0,0,0,0,0,0,0,0,0,0,0,0,0,0,1,1,NA,NA,NA,NA,NA,NA,NA,NA,NA,NA,NA,NA,NA,NA,NA,NA,NA,1,,,,,
like,likable,A person who is like,0,0,0,0,0,0,0,0,0,0,0,0,0,0,0,0,0,0,0,1,1,NA,NA,NA,NA,NA,NA,NA,NA,NA,NA,NA,NA,NA,NA,NA,NA,NA,1,,,,,
marvelous,marvelous,A person who is marvelous,0,0,0,0,0,0,0,0,0,0,0,0,0,0,0,0,0,0,0,1,1,NA,NA,NA,NA,NA,NA,NA,NA,NA,NA,NA,NA,NA,NA,NA,NA,NA,1,,,,,
perfect,perfect,A person who is perfect,0,0,0,0,0,0,0,0,0,0,0,0,0,0,0,0,0,0,0,1,1,NA,NA,NA,NA,NA,NA,NA,NA,NA,NA,NA,NA,NA,NA,NA,NA,NA,1,,,,,
pleasurable,pleasurable,A person who is pleasurable,0,0,0,0,0,0,0,0,0,0,0,0,0,0,0,0,0,0,0,1,1,NA,NA,NA,NA,NA,NA,NA,NA,NA,NA,NA,NA,NA,NA,NA,NA,NA,1,,,,,
positive,positive,A person who is positive,0,0,0,0,0,0,0,0,0,0,0,0,0,0,0,0,0,0,0,1,1,NA,NA,NA,NA,NA,NA,NA,NA,NA,NA,NA,NA,NA,NA,NA,NA,NA,1,,,,,
spectacular,spectacular,A person who is spectacular,0,0,0,0,0,0,0,0,0,0,0,0,0,0,0,0,0,0,0,1,1,NA,NA,NA,NA,NA,NA,NA,NA,NA,NA,NA,NA,NA,NA,NA,NA,NA,1,,,,,
superb,superb,A person who is superb,0,0,0,0,0,0,0,0,0,0,0,0,0,0,0,0,0,0,0,1,1,NA,NA,NA,NA,NA,NA,NA,NA,NA,NA,NA,NA,NA,NA,NA,NA,NA,1,,,,,
wonderful,wonderful,A person who is wonderful,0,0,0,0,0,0,0,0,0,0,0,0,0,0,0,0,0,0,0,1,1,NA,NA,NA,NA,NA,NA,NA,NA,NA,NA,NA,NA,NA,NA,NA,NA,NA,1,,,,,
bad,bad,A person who is bad,0,0,0,0,0,0,0,0,0,0,0,0,0,0,0,0,0,0,0,1,-1,NA,NA,NA,NA,NA,NA,NA,NA,NA,NA,NA,NA,NA,NA,NA,NA,NA,1,,,,,
appalling,appalling,A person who is appalling,0,0,0,0,0,0,0,0,0,0,0,0,0,0,0,0,0,0,0,1,-1,NA,NA,NA,NA,NA,NA,NA,NA,NA,NA,NA,NA,NA,NA,NA,NA,NA,1,,,,,
atrocious,atrocious,A person who is atrocious,0,0,0,0,0,0,0,0,0,0,0,0,0,0,0,0,0,0,0,1,-1,NA,NA,NA,NA,NA,NA,NA,NA,NA,NA,NA,NA,NA,NA,NA,NA,NA,1,,,,,
awful,awful,A person who is awful,0,0,0,0,0,0,0,0,0,0,0,0,0,0,0,0,0,0,0,1,-1,NA,NA,NA,NA,NA,NA,NA,NA,NA,NA,NA,NA,NA,NA,NA,NA,NA,1,,,,,
dislike,dislikable,A person who is dislike,0,0,0,0,0,0,0,0,0,0,0,0,0,0,0,0,0,0,0,1,-1,NA,NA,NA,NA,NA,NA,NA,NA,NA,NA,NA,NA,NA,NA,NA,NA,NA,1,,,,,
dreadful,dreadful,A person who is dreadful,0,0,0,0,0,0,0,0,0,0,0,0,0,0,0,0,0,0,0,1,-1,NA,NA,NA,NA,NA,NA,NA,NA,NA,NA,NA,NA,NA,NA,NA,NA,NA,1,,,,,
horrible,horrible,A person who is horrible,0,0,0,0,0,0,0,0,0,0,0,0,0,0,0,0,0,0,0,1,-1,NA,NA,NA,NA,NA,NA,NA,NA,NA,NA,NA,NA,NA,NA,NA,NA,NA,1,,,,,
imperfect,imperfect,A person who is imperfect,0,0,0,0,0,0,0,0,0,0,0,0,0,0,0,0,0,0,0,1,-1,NA,NA,NA,NA,NA,NA,NA,NA,NA,NA,NA,NA,NA,NA,NA,NA,NA,1,,,,,
negative,negative,A person who is negative,0,0,0,0,0,0,0,0,0,0,0,0,0,0,0,0,0,0,0,1,-1,NA,NA,NA,NA,NA,NA,NA,NA,NA,NA,NA,NA,NA,NA,NA,NA,NA,1,,,,,
terrible,terrible,A person who is terrible,0,0,0,0,0,0,0,0,0,0,0,0,0,0,0,0,0,0,0,1,-1,NA,NA,NA,NA,NA,NA,NA,NA,NA,NA,NA,NA,NA,NA,NA,NA,NA,1,,,,,
undesirable,undesirable,A person who is undesirable,0,0,0,0,0,0,0,0,0,0,0,0,0,0,0,0,0,0,0,1,-1,NA,NA,NA,NA,NA,NA,NA,NA,NA,NA,NA,NA,NA,NA,NA,NA,NA,1,,,,,
unfavorable,unfavorable,A person who is unfavorable,0,0,0,0,0,0,0,0,0,0,0,0,0,0,0,0,0,0,0,1,-1,NA,NA,NA,NA,NA,NA,NA,NA,NA,NA,NA,NA,NA,NA,NA,NA,NA,1,,,,,
unpleasurable,unpleasurable,A person who is unpleasurable,0,0,0,0,0,0,0,0,0,0,0,0,0,0,0,0,0,0,0,1,-1,NA,NA,NA,NA,NA,NA,NA,NA,NA,NA,NA,NA,NA,NA,NA,NA,NA,1,,,,,
worse,worse,A person who is worse,0,0,0,0,0,0,0,0,0,0,0,0,0,0,0,0,0,0,0,1,-1,NA,NA,NA,NA,NA,NA,NA,NA,NA,NA,NA,NA,NA,NA,NA,NA,NA,1,,,,,
worsening,worsening,A person who is worsening,0,0,0,0,0,0,0,0,0,0,0,0,0,0,0,0,0,0,0,1,-1,NA,NA,NA,NA,NA,NA,NA,NA,NA,NA,NA,NA,NA,NA,NA,NA,NA,1,,,,,
worst,the worst,A person who is worst,0,0,0,0,0,0,0,0,0,0,0,0,0,0,0,0,0,0,0,1,-1,NA,NA,NA,NA,NA,NA,NA,NA,NA,NA,NA,NA,NA,NA,NA,NA,NA,1,,,,,
